country_index,country,year,labour_share_of_gdp
0,Afghanistan,2000,\N
0,Afghanistan,2001,\N
0,Afghanistan,2002,\N
0,Afghanistan,2003,\N
0,Afghanistan,2004,\N
0,Afghanistan,2005,\N
0,Afghanistan,2006,\N
0,Afghanistan,2007,\N
0,Afghanistan,2008,\N
0,Afghanistan,2009,\N
0,Afghanistan,2010,\N
0,Afghanistan,2011,\N
0,Afghanistan,2012,\N
0,Afghanistan,2013,\N
0,Afghanistan,2014,\N
0,Afghanistan,2015,\N
0,Afghanistan,2016,\N
0,Afghanistan,2017,\N
0,Afghanistan,2018,\N
2,Albania,2000,\N
2,Albania,2001,\N
2,Albania,2002,\N
2,Albania,2003,\N
2,Albania,2004,\N
2,Albania,2005,\N
2,Albania,2006,\N
2,Albania,2007,\N
2,Albania,2008,\N
2,Albania,2009,\N
2,Albania,2010,\N
2,Albania,2011,\N
2,Albania,2012,\N
2,Albania,2013,\N
2,Albania,2014,\N
2,Albania,2015,\N
2,Albania,2016,\N
2,Albania,2017,\N
2,Albania,2018,\N
3,Algeria,2000,\N
3,Algeria,2001,\N
3,Algeria,2002,\N
3,Algeria,2003,\N
3,Algeria,2004,\N
3,Algeria,2005,\N
3,Algeria,2006,\N
3,Algeria,2007,\N
3,Algeria,2008,\N
3,Algeria,2009,\N
3,Algeria,2010,\N
3,Algeria,2011,\N
3,Algeria,2012,\N
3,Algeria,2013,\N
3,Algeria,2014,\N
3,Algeria,2015,\N
3,Algeria,2016,\N
3,Algeria,2017,\N
3,Algeria,2018,\N
5,Andorra,2000,\N
5,Andorra,2001,\N
5,Andorra,2002,\N
5,Andorra,2003,\N
5,Andorra,2004,\N
5,Andorra,2005,\N
5,Andorra,2006,\N
5,Andorra,2007,\N
5,Andorra,2008,\N
5,Andorra,2009,\N
5,Andorra,2010,\N
5,Andorra,2011,\N
5,Andorra,2012,\N
5,Andorra,2013,\N
5,Andorra,2014,\N
5,Andorra,2015,\N
5,Andorra,2016,\N
5,Andorra,2017,\N
5,Andorra,2018,\N
6,Angola,2000,\N
6,Angola,2001,\N
6,Angola,2002,\N
6,Angola,2003,\N
6,Angola,2004,\N
6,Angola,2005,\N
6,Angola,2006,\N
6,Angola,2007,\N
6,Angola,2008,\N
6,Angola,2009,\N
6,Angola,2010,\N
6,Angola,2011,\N
6,Angola,2012,\N
6,Angola,2013,\N
6,Angola,2014,\N
6,Angola,2015,\N
6,Angola,2016,\N
6,Angola,2017,\N
6,Angola,2018,\N
9,Antigua and Barbuda,2000,\N
9,Antigua and Barbuda,2001,\N
9,Antigua and Barbuda,2002,\N
9,Antigua and Barbuda,2003,\N
9,Antigua and Barbuda,2004,\N
9,Antigua and Barbuda,2005,\N
9,Antigua and Barbuda,2006,\N
9,Antigua and Barbuda,2007,\N
9,Antigua and Barbuda,2008,\N
9,Antigua and Barbuda,2009,\N
9,Antigua and Barbuda,2010,\N
9,Antigua and Barbuda,2011,\N
9,Antigua and Barbuda,2012,\N
9,Antigua and Barbuda,2013,\N
9,Antigua and Barbuda,2014,\N
9,Antigua and Barbuda,2015,\N
9,Antigua and Barbuda,2016,\N
9,Antigua and Barbuda,2017,\N
9,Antigua and Barbuda,2018,\N
10,Argentina,2000,\N
10,Argentina,2001,\N
10,Argentina,2002,\N
10,Argentina,2003,\N
10,Argentina,2004,\N
10,Argentina,2005,\N
10,Argentina,2006,\N
10,Argentina,2007,\N
10,Argentina,2008,\N
10,Argentina,2009,\N
10,Argentina,2010,\N
10,Argentina,2011,\N
10,Argentina,2012,\N
10,Argentina,2013,\N
10,Argentina,2014,\N
10,Argentina,2015,\N
10,Argentina,2016,\N
10,Argentina,2017,\N
10,Argentina,2018,\N
11,Armenia,2000,\N
11,Armenia,2001,\N
11,Armenia,2002,\N
11,Armenia,2003,\N
11,Armenia,2004,\N
11,Armenia,2005,\N
11,Armenia,2006,\N
11,Armenia,2007,\N
11,Armenia,2008,\N
11,Armenia,2009,\N
11,Armenia,2010,\N
11,Armenia,2011,\N
11,Armenia,2012,\N
11,Armenia,2013,\N
11,Armenia,2014,\N
11,Armenia,2015,\N
11,Armenia,2016,\N
11,Armenia,2017,\N
11,Armenia,2018,\N
13,Australia,2000,56.8
13,Australia,2001,56.339999999999996
13,Australia,2002,55.879999999999995
13,Australia,2003,55.42
13,Australia,2004,54.96
13,Australia,2005,54.5
13,Australia,2006,54.24
13,Australia,2007,53.980000000000004
13,Australia,2008,53.72
13,Australia,2009,53.46
13,Australia,2010,53.2
13,Australia,2011,53.3
13,Australia,2012,53.6
13,Australia,2013,53.4
13,Australia,2014,54.1
13,Australia,2015,54.5
13,Australia,2016,52.6
13,Australia,2017,52.2
13,Australia,2018,52
14,Austria,2000,56
14,Austria,2001,55.46
14,Austria,2002,54.92
14,Austria,2003,54.379999999999995
14,Austria,2004,53.839999999999996
14,Austria,2005,53.3
14,Austria,2006,53.559999999999995
14,Austria,2007,53.82
14,Austria,2008,54.08
14,Austria,2009,54.34
14,Austria,2010,54.6
14,Austria,2011,54
14,Austria,2012,54.5
14,Austria,2013,55
14,Austria,2014,55
14,Austria,2015,54.6
14,Austria,2016,54.7
14,Austria,2017,54.3
14,Austria,2018,54.3
15,Azerbaijan,2000,\N
15,Azerbaijan,2001,\N
15,Azerbaijan,2002,\N
15,Azerbaijan,2003,\N
15,Azerbaijan,2004,\N
15,Azerbaijan,2005,\N
15,Azerbaijan,2006,\N
15,Azerbaijan,2007,\N
15,Azerbaijan,2008,\N
15,Azerbaijan,2009,\N
15,Azerbaijan,2010,\N
15,Azerbaijan,2011,\N
15,Azerbaijan,2012,\N
15,Azerbaijan,2013,18.6
15,Azerbaijan,2014,19.3
15,Azerbaijan,2015,22.1
15,Azerbaijan,2016,\N
15,Azerbaijan,2017,\N
15,Azerbaijan,2018,\N
16,Bahamas,2000,\N
16,Bahamas,2001,\N
16,Bahamas,2002,\N
16,Bahamas,2003,\N
16,Bahamas,2004,\N
16,Bahamas,2005,\N
16,Bahamas,2006,\N
16,Bahamas,2007,\N
16,Bahamas,2008,\N
16,Bahamas,2009,\N
16,Bahamas,2010,\N
16,Bahamas,2011,\N
16,Bahamas,2012,\N
16,Bahamas,2013,\N
16,Bahamas,2014,\N
16,Bahamas,2015,\N
16,Bahamas,2016,\N
16,Bahamas,2017,\N
16,Bahamas,2018,\N
17,Bahrain,2000,\N
17,Bahrain,2001,\N
17,Bahrain,2002,\N
17,Bahrain,2003,\N
17,Bahrain,2004,\N
17,Bahrain,2005,\N
17,Bahrain,2006,\N
17,Bahrain,2007,\N
17,Bahrain,2008,\N
17,Bahrain,2009,\N
17,Bahrain,2010,\N
17,Bahrain,2011,\N
17,Bahrain,2012,\N
17,Bahrain,2013,\N
17,Bahrain,2014,\N
17,Bahrain,2015,\N
17,Bahrain,2016,\N
17,Bahrain,2017,\N
17,Bahrain,2018,\N
18,Bangladesh,2000,\N
18,Bangladesh,2001,\N
18,Bangladesh,2002,\N
18,Bangladesh,2003,\N
18,Bangladesh,2004,\N
18,Bangladesh,2005,\N
18,Bangladesh,2006,\N
18,Bangladesh,2007,\N
18,Bangladesh,2008,\N
18,Bangladesh,2009,\N
18,Bangladesh,2010,\N
18,Bangladesh,2011,\N
18,Bangladesh,2012,\N
18,Bangladesh,2013,\N
18,Bangladesh,2014,\N
18,Bangladesh,2015,\N
18,Bangladesh,2016,\N
18,Bangladesh,2017,\N
18,Bangladesh,2018,\N
19,Barbados,2000,\N
19,Barbados,2001,\N
19,Barbados,2002,\N
19,Barbados,2003,\N
19,Barbados,2004,\N
19,Barbados,2005,\N
19,Barbados,2006,\N
19,Barbados,2007,\N
19,Barbados,2008,\N
19,Barbados,2009,\N
19,Barbados,2010,\N
19,Barbados,2011,\N
19,Barbados,2012,\N
19,Barbados,2013,\N
19,Barbados,2014,\N
19,Barbados,2015,\N
19,Barbados,2016,\N
19,Barbados,2017,\N
19,Barbados,2018,\N
20,Belarus,2000,\N
20,Belarus,2001,\N
20,Belarus,2002,\N
20,Belarus,2003,\N
20,Belarus,2004,\N
20,Belarus,2005,\N
20,Belarus,2006,\N
20,Belarus,2007,\N
20,Belarus,2008,\N
20,Belarus,2009,\N
20,Belarus,2010,\N
20,Belarus,2011,\N
20,Belarus,2012,\N
20,Belarus,2013,\N
20,Belarus,2014,\N
20,Belarus,2015,\N
20,Belarus,2016,\N
20,Belarus,2017,\N
20,Belarus,2018,\N
21,Belgium,2000,60
21,Belgium,2001,59.74
21,Belgium,2002,59.480000000000004
21,Belgium,2003,59.22
21,Belgium,2004,58.96
21,Belgium,2005,58.7
21,Belgium,2006,58.940000000000005
21,Belgium,2007,59.18
21,Belgium,2008,59.42
21,Belgium,2009,59.66
21,Belgium,2010,59.9
21,Belgium,2011,60.3
21,Belgium,2012,61.2
21,Belgium,2013,61.7
21,Belgium,2014,61.4
21,Belgium,2015,60.3
21,Belgium,2016,59.4
21,Belgium,2017,59.4
21,Belgium,2018,59.7
22,Belize,2000,\N
22,Belize,2001,\N
22,Belize,2002,\N
22,Belize,2003,\N
22,Belize,2004,\N
22,Belize,2005,\N
22,Belize,2006,\N
22,Belize,2007,\N
22,Belize,2008,\N
22,Belize,2009,\N
22,Belize,2010,\N
22,Belize,2011,\N
22,Belize,2012,\N
22,Belize,2013,\N
22,Belize,2014,\N
22,Belize,2015,\N
22,Belize,2016,\N
22,Belize,2017,\N
22,Belize,2018,\N
23,Benin,2000,\N
23,Benin,2001,\N
23,Benin,2002,\N
23,Benin,2003,\N
23,Benin,2004,\N
23,Benin,2005,\N
23,Benin,2006,\N
23,Benin,2007,\N
23,Benin,2008,\N
23,Benin,2009,\N
23,Benin,2010,\N
23,Benin,2011,\N
23,Benin,2012,\N
23,Benin,2013,\N
23,Benin,2014,\N
23,Benin,2015,\N
23,Benin,2016,\N
23,Benin,2017,\N
23,Benin,2018,\N
25,Bhutan,2000,\N
25,Bhutan,2001,\N
25,Bhutan,2002,\N
25,Bhutan,2003,\N
25,Bhutan,2004,\N
25,Bhutan,2005,\N
25,Bhutan,2006,\N
25,Bhutan,2007,\N
25,Bhutan,2008,\N
25,Bhutan,2009,\N
25,Bhutan,2010,\N
25,Bhutan,2011,\N
25,Bhutan,2012,\N
25,Bhutan,2013,\N
25,Bhutan,2014,\N
25,Bhutan,2015,\N
25,Bhutan,2016,\N
25,Bhutan,2017,\N
25,Bhutan,2018,\N
26,Bolivia,2000,\N
26,Bolivia,2001,\N
26,Bolivia,2002,\N
26,Bolivia,2003,\N
26,Bolivia,2004,\N
26,Bolivia,2005,\N
26,Bolivia,2006,\N
26,Bolivia,2007,\N
26,Bolivia,2008,\N
26,Bolivia,2009,\N
26,Bolivia,2010,\N
26,Bolivia,2011,\N
26,Bolivia,2012,\N
26,Bolivia,2013,\N
26,Bolivia,2014,\N
26,Bolivia,2015,\N
26,Bolivia,2016,\N
26,Bolivia,2017,\N
26,Bolivia,2018,\N
28,Bosnia and Herzegovina,2000,\N
28,Bosnia and Herzegovina,2001,\N
28,Bosnia and Herzegovina,2002,\N
28,Bosnia and Herzegovina,2003,\N
28,Bosnia and Herzegovina,2004,\N
28,Bosnia and Herzegovina,2005,\N
28,Bosnia and Herzegovina,2006,\N
28,Bosnia and Herzegovina,2007,\N
28,Bosnia and Herzegovina,2008,\N
28,Bosnia and Herzegovina,2009,\N
28,Bosnia and Herzegovina,2010,\N
28,Bosnia and Herzegovina,2011,\N
28,Bosnia and Herzegovina,2012,\N
28,Bosnia and Herzegovina,2013,\N
28,Bosnia and Herzegovina,2014,\N
28,Bosnia and Herzegovina,2015,\N
28,Bosnia and Herzegovina,2016,\N
28,Bosnia and Herzegovina,2017,\N
28,Bosnia and Herzegovina,2018,\N
29,Botswana,2000,\N
29,Botswana,2001,\N
29,Botswana,2002,\N
29,Botswana,2003,\N
29,Botswana,2004,\N
29,Botswana,2005,\N
29,Botswana,2006,\N
29,Botswana,2007,\N
29,Botswana,2008,\N
29,Botswana,2009,\N
29,Botswana,2010,\N
29,Botswana,2011,\N
29,Botswana,2012,\N
29,Botswana,2013,\N
29,Botswana,2014,\N
29,Botswana,2015,\N
29,Botswana,2016,\N
29,Botswana,2017,\N
29,Botswana,2018,\N
31,Brazil,2000,\N
31,Brazil,2001,\N
31,Brazil,2002,\N
31,Brazil,2003,\N
31,Brazil,2004,\N
31,Brazil,2005,\N
31,Brazil,2006,\N
31,Brazil,2007,\N
31,Brazil,2008,\N
31,Brazil,2009,\N
31,Brazil,2010,\N
31,Brazil,2011,\N
31,Brazil,2012,\N
31,Brazil,2013,\N
31,Brazil,2014,\N
31,Brazil,2015,\N
31,Brazil,2016,\N
31,Brazil,2017,\N
31,Brazil,2018,\N
34,Brunei,2000,\N
34,Brunei,2001,\N
34,Brunei,2002,\N
34,Brunei,2003,\N
34,Brunei,2004,\N
34,Brunei,2005,\N
34,Brunei,2006,\N
34,Brunei,2007,\N
34,Brunei,2008,\N
34,Brunei,2009,\N
34,Brunei,2010,\N
34,Brunei,2011,\N
34,Brunei,2012,\N
34,Brunei,2013,\N
34,Brunei,2014,\N
34,Brunei,2015,\N
34,Brunei,2016,\N
34,Brunei,2017,\N
34,Brunei,2018,\N
35,Bulgaria,2000,49.7
35,Bulgaria,2001,49.1
35,Bulgaria,2002,48.5
35,Bulgaria,2003,47.900000000000006
35,Bulgaria,2004,47.300000000000004
35,Bulgaria,2005,46.7
35,Bulgaria,2006,47.34
35,Bulgaria,2007,47.980000000000004
35,Bulgaria,2008,48.62
35,Bulgaria,2009,49.26
35,Bulgaria,2010,49.9
35,Bulgaria,2011,48.2
35,Bulgaria,2012,49.9
35,Bulgaria,2013,54.1
35,Bulgaria,2014,56.1
35,Bulgaria,2015,56.2
35,Bulgaria,2016,56.3
35,Bulgaria,2017,59
35,Bulgaria,2018,58.2
36,Burkina Faso,2000,\N
36,Burkina Faso,2001,\N
36,Burkina Faso,2002,\N
36,Burkina Faso,2003,\N
36,Burkina Faso,2004,\N
36,Burkina Faso,2005,\N
36,Burkina Faso,2006,\N
36,Burkina Faso,2007,\N
36,Burkina Faso,2008,\N
36,Burkina Faso,2009,\N
36,Burkina Faso,2010,\N
36,Burkina Faso,2011,\N
36,Burkina Faso,2012,\N
36,Burkina Faso,2013,\N
36,Burkina Faso,2014,\N
36,Burkina Faso,2015,\N
36,Burkina Faso,2016,\N
36,Burkina Faso,2017,\N
36,Burkina Faso,2018,\N
37,Burundi,2000,\N
37,Burundi,2001,\N
37,Burundi,2002,\N
37,Burundi,2003,\N
37,Burundi,2004,\N
37,Burundi,2005,\N
37,Burundi,2006,\N
37,Burundi,2007,\N
37,Burundi,2008,\N
37,Burundi,2009,\N
37,Burundi,2010,\N
37,Burundi,2011,\N
37,Burundi,2012,\N
37,Burundi,2013,\N
37,Burundi,2014,\N
37,Burundi,2015,\N
37,Burundi,2016,\N
37,Burundi,2017,\N
37,Burundi,2018,\N
38,Cambodia,2000,\N
38,Cambodia,2001,\N
38,Cambodia,2002,\N
38,Cambodia,2003,\N
38,Cambodia,2004,\N
38,Cambodia,2005,\N
38,Cambodia,2006,\N
38,Cambodia,2007,\N
38,Cambodia,2008,\N
38,Cambodia,2009,\N
38,Cambodia,2010,\N
38,Cambodia,2011,\N
38,Cambodia,2012,\N
38,Cambodia,2013,\N
38,Cambodia,2014,\N
38,Cambodia,2015,\N
38,Cambodia,2016,\N
38,Cambodia,2017,\N
38,Cambodia,2018,\N
39,Cameroon,2000,\N
39,Cameroon,2001,\N
39,Cameroon,2002,\N
39,Cameroon,2003,\N
39,Cameroon,2004,\N
39,Cameroon,2005,\N
39,Cameroon,2006,\N
39,Cameroon,2007,\N
39,Cameroon,2008,\N
39,Cameroon,2009,\N
39,Cameroon,2010,\N
39,Cameroon,2011,\N
39,Cameroon,2012,\N
39,Cameroon,2013,\N
39,Cameroon,2014,\N
39,Cameroon,2015,\N
39,Cameroon,2016,\N
39,Cameroon,2017,\N
39,Cameroon,2018,\N
40,Canada,2000,55.9
40,Canada,2001,55.519999999999996
40,Canada,2002,55.14
40,Canada,2003,54.76
40,Canada,2004,54.38
40,Canada,2005,54
40,Canada,2006,54.32
40,Canada,2007,54.64
40,Canada,2008,54.96
40,Canada,2009,55.28
40,Canada,2010,55.6
40,Canada,2011,54.8
40,Canada,2012,55.6
40,Canada,2013,55.6
40,Canada,2014,54.9
40,Canada,2015,56.6
40,Canada,2016,55.5
40,Canada,2017,54.7
40,Canada,2018,55.3
41,Cape Verde,2000,\N
41,Cape Verde,2001,\N
41,Cape Verde,2002,\N
41,Cape Verde,2003,\N
41,Cape Verde,2004,\N
41,Cape Verde,2005,\N
41,Cape Verde,2006,\N
41,Cape Verde,2007,\N
41,Cape Verde,2008,\N
41,Cape Verde,2009,\N
41,Cape Verde,2010,\N
41,Cape Verde,2011,\N
41,Cape Verde,2012,\N
41,Cape Verde,2013,\N
41,Cape Verde,2014,\N
41,Cape Verde,2015,\N
41,Cape Verde,2016,\N
41,Cape Verde,2017,\N
41,Cape Verde,2018,\N
43,Central African Republic,2000,\N
43,Central African Republic,2001,\N
43,Central African Republic,2002,\N
43,Central African Republic,2003,\N
43,Central African Republic,2004,\N
43,Central African Republic,2005,\N
43,Central African Republic,2006,\N
43,Central African Republic,2007,\N
43,Central African Republic,2008,\N
43,Central African Republic,2009,\N
43,Central African Republic,2010,\N
43,Central African Republic,2011,\N
43,Central African Republic,2012,\N
43,Central African Republic,2013,\N
43,Central African Republic,2014,\N
43,Central African Republic,2015,\N
43,Central African Republic,2016,\N
43,Central African Republic,2017,\N
43,Central African Republic,2018,\N
44,Chad,2000,\N
44,Chad,2001,\N
44,Chad,2002,\N
44,Chad,2003,\N
44,Chad,2004,\N
44,Chad,2005,\N
44,Chad,2006,\N
44,Chad,2007,\N
44,Chad,2008,\N
44,Chad,2009,\N
44,Chad,2010,\N
44,Chad,2011,\N
44,Chad,2012,\N
44,Chad,2013,\N
44,Chad,2014,\N
44,Chad,2015,\N
44,Chad,2016,\N
44,Chad,2017,\N
44,Chad,2018,\N
45,Chile,2000,\N
45,Chile,2001,\N
45,Chile,2002,\N
45,Chile,2003,\N
45,Chile,2004,\N
45,Chile,2005,\N
45,Chile,2006,\N
45,Chile,2007,\N
45,Chile,2008,\N
45,Chile,2009,\N
45,Chile,2010,\N
45,Chile,2011,37.2
45,Chile,2012,\N
45,Chile,2013,44.7
45,Chile,2014,\N
45,Chile,2015,\N
45,Chile,2016,\N
45,Chile,2017,\N
45,Chile,2018,\N
46,China,2000,\N
46,China,2001,\N
46,China,2002,\N
46,China,2003,\N
46,China,2004,\N
46,China,2005,\N
46,China,2006,\N
46,China,2007,\N
46,China,2008,\N
46,China,2009,\N
46,China,2010,\N
46,China,2011,\N
46,China,2012,\N
46,China,2013,\N
46,China,2014,\N
46,China,2015,\N
46,China,2016,\N
46,China,2017,\N
46,China,2018,\N
49,Colombia,2000,\N
49,Colombia,2001,\N
49,Colombia,2002,\N
49,Colombia,2003,\N
49,Colombia,2004,\N
49,Colombia,2005,\N
49,Colombia,2006,\N
49,Colombia,2007,\N
49,Colombia,2008,\N
49,Colombia,2009,\N
49,Colombia,2010,33.4
49,Colombia,2011,31.7
49,Colombia,2012,32.4
49,Colombia,2013,32.7
49,Colombia,2014,32.9
49,Colombia,2015,34.1
49,Colombia,2016,33.5
49,Colombia,2017,\N
49,Colombia,2018,\N
50,Comoros,2000,\N
50,Comoros,2001,\N
50,Comoros,2002,\N
50,Comoros,2003,\N
50,Comoros,2004,\N
50,Comoros,2005,\N
50,Comoros,2006,\N
50,Comoros,2007,\N
50,Comoros,2008,\N
50,Comoros,2009,\N
50,Comoros,2010,\N
50,Comoros,2011,\N
50,Comoros,2012,\N
50,Comoros,2013,\N
50,Comoros,2014,\N
50,Comoros,2015,\N
50,Comoros,2016,\N
50,Comoros,2017,\N
50,Comoros,2018,\N
52,Costa Rica,2000,\N
52,Costa Rica,2001,\N
52,Costa Rica,2002,\N
52,Costa Rica,2003,\N
52,Costa Rica,2004,\N
52,Costa Rica,2005,\N
52,Costa Rica,2006,\N
52,Costa Rica,2007,\N
52,Costa Rica,2008,\N
52,Costa Rica,2009,\N
52,Costa Rica,2010,\N
52,Costa Rica,2011,\N
52,Costa Rica,2012,\N
52,Costa Rica,2013,\N
52,Costa Rica,2014,\N
52,Costa Rica,2015,\N
52,Costa Rica,2016,\N
52,Costa Rica,2017,\N
52,Costa Rica,2018,\N
53,Croatia,2000,67.2
53,Croatia,2001,66.36
53,Croatia,2002,65.52
53,Croatia,2003,64.68
53,Croatia,2004,63.84
53,Croatia,2005,63
53,Croatia,2006,62.8
53,Croatia,2007,62.6
53,Croatia,2008,62.4
53,Croatia,2009,62.2
53,Croatia,2010,62
53,Croatia,2011,61
53,Croatia,2012,59.5
53,Croatia,2013,57.2
53,Croatia,2014,55.7
53,Croatia,2015,55.3
53,Croatia,2016,54.3
53,Croatia,2017,52.8
53,Croatia,2018,52.7
54,Cuba,2000,\N
54,Cuba,2001,\N
54,Cuba,2002,\N
54,Cuba,2003,\N
54,Cuba,2004,\N
54,Cuba,2005,\N
54,Cuba,2006,\N
54,Cuba,2007,\N
54,Cuba,2008,\N
54,Cuba,2009,\N
54,Cuba,2010,\N
54,Cuba,2011,\N
54,Cuba,2012,\N
54,Cuba,2013,\N
54,Cuba,2014,\N
54,Cuba,2015,\N
54,Cuba,2016,\N
54,Cuba,2017,\N
54,Cuba,2018,\N
56,Cyprus,2000,51.7
56,Cyprus,2001,52.36
56,Cyprus,2002,53.02
56,Cyprus,2003,53.68
56,Cyprus,2004,54.34
56,Cyprus,2005,55
56,Cyprus,2006,54.92
56,Cyprus,2007,54.84
56,Cyprus,2008,54.76
56,Cyprus,2009,54.68
56,Cyprus,2010,54.6
56,Cyprus,2011,54.5
56,Cyprus,2012,54.3
56,Cyprus,2013,52
56,Cyprus,2014,50.7
56,Cyprus,2015,50.4
56,Cyprus,2016,50
56,Cyprus,2017,49.5
56,Cyprus,2018,48.9
57,Czechia,2000,45
57,Czechia,2001,45.38
57,Czechia,2002,45.76
57,Czechia,2003,46.14
57,Czechia,2004,46.519999999999996
57,Czechia,2005,46.9
57,Czechia,2006,47.08
57,Czechia,2007,47.26
57,Czechia,2008,47.44
57,Czechia,2009,47.62
57,Czechia,2010,47.8
57,Czechia,2011,48.1
57,Czechia,2012,48.8
57,Czechia,2013,48.4
57,Czechia,2014,47.4
57,Czechia,2015,46.5
57,Czechia,2016,47.3
57,Czechia,2017,48.3
57,Czechia,2018,50.7
58,Democratic Republic of the Congo,2000,\N
58,Democratic Republic of the Congo,2001,\N
58,Democratic Republic of the Congo,2002,\N
58,Democratic Republic of the Congo,2003,\N
58,Democratic Republic of the Congo,2004,\N
58,Democratic Republic of the Congo,2005,\N
58,Democratic Republic of the Congo,2006,\N
58,Democratic Republic of the Congo,2007,\N
58,Democratic Republic of the Congo,2008,\N
58,Democratic Republic of the Congo,2009,\N
58,Democratic Republic of the Congo,2010,\N
58,Democratic Republic of the Congo,2011,\N
58,Democratic Republic of the Congo,2012,\N
58,Democratic Republic of the Congo,2013,\N
58,Democratic Republic of the Congo,2014,\N
58,Democratic Republic of the Congo,2015,\N
58,Democratic Republic of the Congo,2016,\N
58,Democratic Republic of the Congo,2017,\N
58,Democratic Republic of the Congo,2018,\N
59,Denmark,2000,53.9
59,Denmark,2001,53.98
59,Denmark,2002,54.059999999999995
59,Denmark,2003,54.14
59,Denmark,2004,54.22
59,Denmark,2005,54.3
59,Denmark,2006,54.72
59,Denmark,2007,55.14
59,Denmark,2008,55.559999999999995
59,Denmark,2009,55.98
59,Denmark,2010,56.4
59,Denmark,2011,56
59,Denmark,2012,55.2
59,Denmark,2013,55.1
59,Denmark,2014,54.9
59,Denmark,2015,55.1
59,Denmark,2016,55
59,Denmark,2017,54.8
59,Denmark,2018,55.9
60,Djibouti,2000,\N
60,Djibouti,2001,\N
60,Djibouti,2002,\N
60,Djibouti,2003,\N
60,Djibouti,2004,\N
60,Djibouti,2005,\N
60,Djibouti,2006,\N
60,Djibouti,2007,\N
60,Djibouti,2008,\N
60,Djibouti,2009,\N
60,Djibouti,2010,\N
60,Djibouti,2011,\N
60,Djibouti,2012,\N
60,Djibouti,2013,\N
60,Djibouti,2014,\N
60,Djibouti,2015,\N
60,Djibouti,2016,\N
60,Djibouti,2017,\N
60,Djibouti,2018,\N
61,Dominica,2000,\N
61,Dominica,2001,\N
61,Dominica,2002,\N
61,Dominica,2003,\N
61,Dominica,2004,\N
61,Dominica,2005,\N
61,Dominica,2006,\N
61,Dominica,2007,\N
61,Dominica,2008,\N
61,Dominica,2009,\N
61,Dominica,2010,\N
61,Dominica,2011,\N
61,Dominica,2012,\N
61,Dominica,2013,\N
61,Dominica,2014,\N
61,Dominica,2015,\N
61,Dominica,2016,\N
61,Dominica,2017,\N
61,Dominica,2018,\N
62,Dominican Republic,2000,\N
62,Dominican Republic,2001,\N
62,Dominican Republic,2002,\N
62,Dominican Republic,2003,\N
62,Dominican Republic,2004,\N
62,Dominican Republic,2005,\N
62,Dominican Republic,2006,\N
62,Dominican Republic,2007,\N
62,Dominican Republic,2008,\N
62,Dominican Republic,2009,\N
62,Dominican Republic,2010,\N
62,Dominican Republic,2011,\N
62,Dominican Republic,2012,\N
62,Dominican Republic,2013,\N
62,Dominican Republic,2014,\N
62,Dominican Republic,2015,\N
62,Dominican Republic,2016,\N
62,Dominican Republic,2017,\N
62,Dominican Republic,2018,\N
63,Ecuador,2000,\N
63,Ecuador,2001,\N
63,Ecuador,2002,\N
63,Ecuador,2003,\N
63,Ecuador,2004,\N
63,Ecuador,2005,\N
63,Ecuador,2006,\N
63,Ecuador,2007,\N
63,Ecuador,2008,\N
63,Ecuador,2009,\N
63,Ecuador,2010,\N
63,Ecuador,2011,\N
63,Ecuador,2012,\N
63,Ecuador,2013,\N
63,Ecuador,2014,\N
63,Ecuador,2015,\N
63,Ecuador,2016,\N
63,Ecuador,2017,\N
63,Ecuador,2018,\N
64,Egypt,2000,\N
64,Egypt,2001,\N
64,Egypt,2002,\N
64,Egypt,2003,\N
64,Egypt,2004,\N
64,Egypt,2005,\N
64,Egypt,2006,\N
64,Egypt,2007,\N
64,Egypt,2008,\N
64,Egypt,2009,\N
64,Egypt,2010,\N
64,Egypt,2011,\N
64,Egypt,2012,\N
64,Egypt,2013,\N
64,Egypt,2014,\N
64,Egypt,2015,\N
64,Egypt,2016,\N
64,Egypt,2017,\N
64,Egypt,2018,\N
65,El Salvador,2000,\N
65,El Salvador,2001,\N
65,El Salvador,2002,\N
65,El Salvador,2003,\N
65,El Salvador,2004,\N
65,El Salvador,2005,\N
65,El Salvador,2006,\N
65,El Salvador,2007,\N
65,El Salvador,2008,\N
65,El Salvador,2009,\N
65,El Salvador,2010,\N
65,El Salvador,2011,\N
65,El Salvador,2012,\N
65,El Salvador,2013,\N
65,El Salvador,2014,\N
65,El Salvador,2015,\N
65,El Salvador,2016,\N
65,El Salvador,2017,\N
65,El Salvador,2018,\N
66,Equatorial Guinea,2000,\N
66,Equatorial Guinea,2001,\N
66,Equatorial Guinea,2002,\N
66,Equatorial Guinea,2003,\N
66,Equatorial Guinea,2004,\N
66,Equatorial Guinea,2005,\N
66,Equatorial Guinea,2006,\N
66,Equatorial Guinea,2007,\N
66,Equatorial Guinea,2008,\N
66,Equatorial Guinea,2009,\N
66,Equatorial Guinea,2010,\N
66,Equatorial Guinea,2011,\N
66,Equatorial Guinea,2012,\N
66,Equatorial Guinea,2013,\N
66,Equatorial Guinea,2014,\N
66,Equatorial Guinea,2015,\N
66,Equatorial Guinea,2016,\N
66,Equatorial Guinea,2017,\N
66,Equatorial Guinea,2018,\N
67,Eritrea,2000,\N
67,Eritrea,2001,\N
67,Eritrea,2002,\N
67,Eritrea,2003,\N
67,Eritrea,2004,\N
67,Eritrea,2005,\N
67,Eritrea,2006,\N
67,Eritrea,2007,\N
67,Eritrea,2008,\N
67,Eritrea,2009,\N
67,Eritrea,2010,\N
67,Eritrea,2011,\N
67,Eritrea,2012,\N
67,Eritrea,2013,\N
67,Eritrea,2014,\N
67,Eritrea,2015,\N
67,Eritrea,2016,\N
67,Eritrea,2017,\N
67,Eritrea,2018,\N
68,Estonia,2000,49.5
68,Estonia,2001,49.1
68,Estonia,2002,48.7
68,Estonia,2003,48.3
68,Estonia,2004,47.9
68,Estonia,2005,47.5
68,Estonia,2006,48.34
68,Estonia,2007,49.18
68,Estonia,2008,50.02
68,Estonia,2009,50.86
68,Estonia,2010,51.7
68,Estonia,2011,49.1
68,Estonia,2012,49.9
68,Estonia,2013,50.2
68,Estonia,2014,50.9
68,Estonia,2015,52.5
68,Estonia,2016,53.3
68,Estonia,2017,53.7
68,Estonia,2018,54.4
69,Ethiopia,2000,\N
69,Ethiopia,2001,\N
69,Ethiopia,2002,\N
69,Ethiopia,2003,\N
69,Ethiopia,2004,\N
69,Ethiopia,2005,\N
69,Ethiopia,2006,\N
69,Ethiopia,2007,\N
69,Ethiopia,2008,\N
69,Ethiopia,2009,\N
69,Ethiopia,2010,\N
69,Ethiopia,2011,\N
69,Ethiopia,2012,\N
69,Ethiopia,2013,\N
69,Ethiopia,2014,\N
69,Ethiopia,2015,\N
69,Ethiopia,2016,\N
69,Ethiopia,2017,\N
69,Ethiopia,2018,\N
72,Fiji,2000,\N
72,Fiji,2001,\N
72,Fiji,2002,\N
72,Fiji,2003,\N
72,Fiji,2004,\N
72,Fiji,2005,\N
72,Fiji,2006,\N
72,Fiji,2007,\N
72,Fiji,2008,\N
72,Fiji,2009,\N
72,Fiji,2010,\N
72,Fiji,2011,\N
72,Fiji,2012,\N
72,Fiji,2013,\N
72,Fiji,2014,\N
72,Fiji,2015,\N
72,Fiji,2016,\N
72,Fiji,2017,\N
72,Fiji,2018,\N
73,Finland,2000,53.1
73,Finland,2001,53.14
73,Finland,2002,53.18
73,Finland,2003,53.22
73,Finland,2004,53.26
73,Finland,2005,53.3
73,Finland,2006,53.86
73,Finland,2007,54.42
73,Finland,2008,54.98
73,Finland,2009,55.54
73,Finland,2010,56.1
73,Finland,2011,55.9
73,Finland,2012,57.1
73,Finland,2013,56.4
73,Finland,2014,56.1
73,Finland,2015,55.6
73,Finland,2016,54.9
73,Finland,2017,52.9
73,Finland,2018,52.7
74,France,2000,55.9
74,France,2001,55.96
74,France,2002,56.02
74,France,2003,56.08
74,France,2004,56.14
74,France,2005,56.2
74,France,2006,56.46
74,France,2007,56.72
74,France,2008,56.980000000000004
74,France,2009,57.24
74,France,2010,57.5
74,France,2011,57.5
74,France,2012,58.1
74,France,2013,58.4
74,France,2014,58.5
74,France,2015,58
74,France,2016,58.1
74,France,2017,58.1
74,France,2018,58.3
78,Gabon,2000,\N
78,Gabon,2001,\N
78,Gabon,2002,\N
78,Gabon,2003,\N
78,Gabon,2004,\N
78,Gabon,2005,\N
78,Gabon,2006,\N
78,Gabon,2007,\N
78,Gabon,2008,\N
78,Gabon,2009,\N
78,Gabon,2010,\N
78,Gabon,2011,\N
78,Gabon,2012,\N
78,Gabon,2013,\N
78,Gabon,2014,\N
78,Gabon,2015,\N
78,Gabon,2016,\N
78,Gabon,2017,\N
78,Gabon,2018,\N
79,Gambia,2000,\N
79,Gambia,2001,\N
79,Gambia,2002,\N
79,Gambia,2003,\N
79,Gambia,2004,\N
79,Gambia,2005,\N
79,Gambia,2006,\N
79,Gambia,2007,\N
79,Gambia,2008,\N
79,Gambia,2009,\N
79,Gambia,2010,\N
79,Gambia,2011,\N
79,Gambia,2012,\N
79,Gambia,2013,\N
79,Gambia,2014,\N
79,Gambia,2015,\N
79,Gambia,2016,\N
79,Gambia,2017,\N
79,Gambia,2018,\N
81,Georgia,2000,\N
81,Georgia,2001,\N
81,Georgia,2002,\N
81,Georgia,2003,\N
81,Georgia,2004,\N
81,Georgia,2005,\N
81,Georgia,2006,\N
81,Georgia,2007,\N
81,Georgia,2008,\N
81,Georgia,2009,\N
81,Georgia,2010,\N
81,Georgia,2011,\N
81,Georgia,2012,\N
81,Georgia,2013,\N
81,Georgia,2014,\N
81,Georgia,2015,\N
81,Georgia,2016,\N
81,Georgia,2017,\N
81,Georgia,2018,\N
82,Germany,2000,58.8
82,Germany,2001,58.26
82,Germany,2002,57.72
82,Germany,2003,57.18
82,Germany,2004,56.64
82,Germany,2005,56.1
82,Germany,2006,56.04
82,Germany,2007,55.98
82,Germany,2008,55.92
82,Germany,2009,55.86
82,Germany,2010,55.8
82,Germany,2011,55.6
82,Germany,2012,56.5
82,Germany,2013,56.5
82,Germany,2014,56.3
82,Germany,2015,56.2
82,Germany,2016,56.2
82,Germany,2017,56.4
82,Germany,2018,56.9
83,Ghana,2000,\N
83,Ghana,2001,\N
83,Ghana,2002,\N
83,Ghana,2003,\N
83,Ghana,2004,\N
83,Ghana,2005,\N
83,Ghana,2006,\N
83,Ghana,2007,\N
83,Ghana,2008,\N
83,Ghana,2009,\N
83,Ghana,2010,\N
83,Ghana,2011,\N
83,Ghana,2012,\N
83,Ghana,2013,\N
83,Ghana,2014,\N
83,Ghana,2015,\N
83,Ghana,2016,\N
83,Ghana,2017,\N
83,Ghana,2018,\N
85,Greece,2000,49.5
85,Greece,2001,50.38
85,Greece,2002,51.26
85,Greece,2003,52.14
85,Greece,2004,53.019999999999996
85,Greece,2005,53.9
85,Greece,2006,53.98
85,Greece,2007,54.059999999999995
85,Greece,2008,54.14
85,Greece,2009,54.22
85,Greece,2010,54.3
85,Greece,2011,53.1
85,Greece,2012,52.2
85,Greece,2013,49.8
85,Greece,2014,49.8
85,Greece,2015,49.4
85,Greece,2016,49.3
85,Greece,2017,49.3
85,Greece,2018,49.6
87,Grenada,2000,\N
87,Grenada,2001,\N
87,Grenada,2002,\N
87,Grenada,2003,\N
87,Grenada,2004,\N
87,Grenada,2005,\N
87,Grenada,2006,\N
87,Grenada,2007,\N
87,Grenada,2008,\N
87,Grenada,2009,\N
87,Grenada,2010,\N
87,Grenada,2011,\N
87,Grenada,2012,\N
87,Grenada,2013,\N
87,Grenada,2014,\N
87,Grenada,2015,\N
87,Grenada,2016,\N
87,Grenada,2017,\N
87,Grenada,2018,\N
90,Guatemala,2000,\N
90,Guatemala,2001,\N
90,Guatemala,2002,\N
90,Guatemala,2003,\N
90,Guatemala,2004,\N
90,Guatemala,2005,\N
90,Guatemala,2006,\N
90,Guatemala,2007,\N
90,Guatemala,2008,\N
90,Guatemala,2009,\N
90,Guatemala,2010,\N
90,Guatemala,2011,\N
90,Guatemala,2012,\N
90,Guatemala,2013,\N
90,Guatemala,2014,\N
90,Guatemala,2015,\N
90,Guatemala,2016,\N
90,Guatemala,2017,\N
90,Guatemala,2018,\N
92,Guinea,2000,\N
92,Guinea,2001,\N
92,Guinea,2002,\N
92,Guinea,2003,\N
92,Guinea,2004,\N
92,Guinea,2005,\N
92,Guinea,2006,\N
92,Guinea,2007,\N
92,Guinea,2008,\N
92,Guinea,2009,\N
92,Guinea,2010,14.9
92,Guinea,2011,\N
92,Guinea,2012,\N
92,Guinea,2013,\N
92,Guinea,2014,\N
92,Guinea,2015,\N
92,Guinea,2016,\N
92,Guinea,2017,\N
92,Guinea,2018,\N
93,Guinea-Bissau,2000,\N
93,Guinea-Bissau,2001,\N
93,Guinea-Bissau,2002,\N
93,Guinea-Bissau,2003,\N
93,Guinea-Bissau,2004,\N
93,Guinea-Bissau,2005,\N
93,Guinea-Bissau,2006,\N
93,Guinea-Bissau,2007,\N
93,Guinea-Bissau,2008,\N
93,Guinea-Bissau,2009,\N
93,Guinea-Bissau,2010,\N
93,Guinea-Bissau,2011,\N
93,Guinea-Bissau,2012,\N
93,Guinea-Bissau,2013,\N
93,Guinea-Bissau,2014,\N
93,Guinea-Bissau,2015,\N
93,Guinea-Bissau,2016,\N
93,Guinea-Bissau,2017,\N
93,Guinea-Bissau,2018,\N
94,Guyana,2000,\N
94,Guyana,2001,\N
94,Guyana,2002,\N
94,Guyana,2003,\N
94,Guyana,2004,\N
94,Guyana,2005,\N
94,Guyana,2006,\N
94,Guyana,2007,\N
94,Guyana,2008,\N
94,Guyana,2009,\N
94,Guyana,2010,\N
94,Guyana,2011,\N
94,Guyana,2012,\N
94,Guyana,2013,\N
94,Guyana,2014,\N
94,Guyana,2015,\N
94,Guyana,2016,\N
94,Guyana,2017,\N
94,Guyana,2018,\N
95,Haiti,2000,\N
95,Haiti,2001,\N
95,Haiti,2002,\N
95,Haiti,2003,\N
95,Haiti,2004,\N
95,Haiti,2005,\N
95,Haiti,2006,\N
95,Haiti,2007,\N
95,Haiti,2008,\N
95,Haiti,2009,\N
95,Haiti,2010,\N
95,Haiti,2011,\N
95,Haiti,2012,\N
95,Haiti,2013,\N
95,Haiti,2014,\N
95,Haiti,2015,\N
95,Haiti,2016,\N
95,Haiti,2017,\N
95,Haiti,2018,\N
97,Honduras,2000,\N
97,Honduras,2001,\N
97,Honduras,2002,\N
97,Honduras,2003,\N
97,Honduras,2004,\N
97,Honduras,2005,\N
97,Honduras,2006,\N
97,Honduras,2007,\N
97,Honduras,2008,\N
97,Honduras,2009,\N
97,Honduras,2010,\N
97,Honduras,2011,\N
97,Honduras,2012,\N
97,Honduras,2013,\N
97,Honduras,2014,\N
97,Honduras,2015,\N
97,Honduras,2016,\N
97,Honduras,2017,\N
97,Honduras,2018,\N
98,Hong Kong,2000,\N
98,Hong Kong,2001,\N
98,Hong Kong,2002,\N
98,Hong Kong,2003,\N
98,Hong Kong,2004,\N
98,Hong Kong,2005,\N
98,Hong Kong,2006,\N
98,Hong Kong,2007,\N
98,Hong Kong,2008,\N
98,Hong Kong,2009,\N
98,Hong Kong,2010,\N
98,Hong Kong,2011,\N
98,Hong Kong,2012,\N
98,Hong Kong,2013,\N
98,Hong Kong,2014,\N
98,Hong Kong,2015,\N
98,Hong Kong,2016,\N
98,Hong Kong,2017,\N
98,Hong Kong,2018,\N
99,Hungary,2000,52.6
99,Hungary,2001,52.64
99,Hungary,2002,52.68
99,Hungary,2003,52.72
99,Hungary,2004,52.76
99,Hungary,2005,52.8
99,Hungary,2006,52.12
99,Hungary,2007,51.44
99,Hungary,2008,50.76
99,Hungary,2009,50.08
99,Hungary,2010,49.4
99,Hungary,2011,49.1
99,Hungary,2012,49.2
99,Hungary,2013,48.2
99,Hungary,2014,47.2
99,Hungary,2015,45.2
99,Hungary,2016,47.1
99,Hungary,2017,47.2
99,Hungary,2018,48.2
100,Iceland,2000,59.9
100,Iceland,2001,59.74
100,Iceland,2002,59.58
100,Iceland,2003,59.42
100,Iceland,2004,59.26
100,Iceland,2005,59.1
100,Iceland,2006,57.18
100,Iceland,2007,55.26
100,Iceland,2008,53.34
100,Iceland,2009,51.42
100,Iceland,2010,49.5
100,Iceland,2011,51.7
100,Iceland,2012,52.5
100,Iceland,2013,53.5
100,Iceland,2014,53.7
100,Iceland,2015,53.7
100,Iceland,2016,55.2
100,Iceland,2017,57.9
100,Iceland,2018,58.3
101,India,2000,\N
101,India,2001,\N
101,India,2002,\N
101,India,2003,\N
101,India,2004,\N
101,India,2005,\N
101,India,2006,\N
101,India,2007,\N
101,India,2008,\N
101,India,2009,\N
101,India,2010,\N
101,India,2011,\N
101,India,2012,\N
101,India,2013,\N
101,India,2014,\N
101,India,2015,\N
101,India,2016,\N
101,India,2017,\N
101,India,2018,\N
102,Indonesia,2000,\N
102,Indonesia,2001,\N
102,Indonesia,2002,\N
102,Indonesia,2003,\N
102,Indonesia,2004,\N
102,Indonesia,2005,\N
102,Indonesia,2006,\N
102,Indonesia,2007,\N
102,Indonesia,2008,\N
102,Indonesia,2009,\N
102,Indonesia,2010,\N
102,Indonesia,2011,\N
102,Indonesia,2012,\N
102,Indonesia,2013,\N
102,Indonesia,2014,\N
102,Indonesia,2015,\N
102,Indonesia,2016,\N
102,Indonesia,2017,\N
102,Indonesia,2018,\N
103,Iran,2000,\N
103,Iran,2001,\N
103,Iran,2002,\N
103,Iran,2003,\N
103,Iran,2004,\N
103,Iran,2005,\N
103,Iran,2006,\N
103,Iran,2007,\N
103,Iran,2008,\N
103,Iran,2009,\N
103,Iran,2010,\N
103,Iran,2011,\N
103,Iran,2012,\N
103,Iran,2013,\N
103,Iran,2014,\N
103,Iran,2015,\N
103,Iran,2016,\N
103,Iran,2017,\N
103,Iran,2018,\N
104,Iraq,2000,\N
104,Iraq,2001,\N
104,Iraq,2002,\N
104,Iraq,2003,\N
104,Iraq,2004,\N
104,Iraq,2005,\N
104,Iraq,2006,\N
104,Iraq,2007,\N
104,Iraq,2008,\N
104,Iraq,2009,\N
104,Iraq,2010,25.6
104,Iraq,2011,21.1
104,Iraq,2012,23.4
104,Iraq,2013,25.7
104,Iraq,2014,26.9
104,Iraq,2015,34.3
104,Iraq,2016,37.7
104,Iraq,2017,\N
104,Iraq,2018,\N
105,Ireland,2000,47.2
105,Ireland,2001,47.06
105,Ireland,2002,46.92
105,Ireland,2003,46.78
105,Ireland,2004,46.64
105,Ireland,2005,46.5
105,Ireland,2006,47.22
105,Ireland,2007,47.94
105,Ireland,2008,48.660000000000004
105,Ireland,2009,49.38
105,Ireland,2010,50.1
105,Ireland,2011,48.3
105,Ireland,2012,47.4
105,Ireland,2013,47.3
105,Ireland,2014,45
105,Ireland,2015,35.6
105,Ireland,2016,36.2
105,Ireland,2017,34.9
105,Ireland,2018,34.3
107,Israel,2000,\N
107,Israel,2001,\N
107,Israel,2002,\N
107,Israel,2003,\N
107,Israel,2004,\N
107,Israel,2005,\N
107,Israel,2006,\N
107,Israel,2007,\N
107,Israel,2008,\N
107,Israel,2009,\N
107,Israel,2010,\N
107,Israel,2011,\N
107,Israel,2012,\N
107,Israel,2013,\N
107,Israel,2014,\N
107,Israel,2015,\N
107,Israel,2016,\N
107,Israel,2017,\N
107,Israel,2018,\N
108,Italy,2000,51.1
108,Italy,2001,51.300000000000004
108,Italy,2002,51.5
108,Italy,2003,51.7
108,Italy,2004,51.9
108,Italy,2005,52.1
108,Italy,2006,52.5
108,Italy,2007,52.9
108,Italy,2008,53.300000000000004
108,Italy,2009,53.7
108,Italy,2010,54.1
108,Italy,2011,53.6
108,Italy,2012,53.7
108,Italy,2013,53.4
108,Italy,2014,53
108,Italy,2015,52.9
108,Italy,2016,52.7
108,Italy,2017,52.2
108,Italy,2018,52.8
109,Ivory Coast,2000,\N
109,Ivory Coast,2001,\N
109,Ivory Coast,2002,\N
109,Ivory Coast,2003,\N
109,Ivory Coast,2004,\N
109,Ivory Coast,2005,\N
109,Ivory Coast,2006,\N
109,Ivory Coast,2007,\N
109,Ivory Coast,2008,\N
109,Ivory Coast,2009,\N
109,Ivory Coast,2010,\N
109,Ivory Coast,2011,\N
109,Ivory Coast,2012,\N
109,Ivory Coast,2013,\N
109,Ivory Coast,2014,\N
109,Ivory Coast,2015,\N
109,Ivory Coast,2016,\N
109,Ivory Coast,2017,\N
109,Ivory Coast,2018,\N
110,Jamaica,2000,\N
110,Jamaica,2001,\N
110,Jamaica,2002,\N
110,Jamaica,2003,\N
110,Jamaica,2004,\N
110,Jamaica,2005,\N
110,Jamaica,2006,\N
110,Jamaica,2007,\N
110,Jamaica,2008,\N
110,Jamaica,2009,\N
110,Jamaica,2010,\N
110,Jamaica,2011,\N
110,Jamaica,2012,\N
110,Jamaica,2013,\N
110,Jamaica,2014,\N
110,Jamaica,2015,\N
110,Jamaica,2016,\N
110,Jamaica,2017,\N
110,Jamaica,2018,\N
111,Japan,2000,62.4
111,Japan,2001,61.68
111,Japan,2002,60.96
111,Japan,2003,60.239999999999995
111,Japan,2004,59.519999999999996
111,Japan,2005,58.8
111,Japan,2006,58.739999999999995
111,Japan,2007,58.68
111,Japan,2008,58.62
111,Japan,2009,58.56
111,Japan,2010,58.5
111,Japan,2011,59.7
111,Japan,2012,59.1
111,Japan,2013,58.3
111,Japan,2014,57.9
111,Japan,2015,56.5
111,Japan,2016,57.2
111,Japan,2017,57.1
111,Japan,2018,57.9
113,Jordan,2000,\N
113,Jordan,2001,\N
113,Jordan,2002,\N
113,Jordan,2003,\N
113,Jordan,2004,\N
113,Jordan,2005,\N
113,Jordan,2006,\N
113,Jordan,2007,\N
113,Jordan,2008,\N
113,Jordan,2009,\N
113,Jordan,2010,\N
113,Jordan,2011,\N
113,Jordan,2012,\N
113,Jordan,2013,\N
113,Jordan,2014,\N
113,Jordan,2015,\N
113,Jordan,2016,\N
113,Jordan,2017,\N
113,Jordan,2018,\N
114,Kazakhstan,2000,\N
114,Kazakhstan,2001,\N
114,Kazakhstan,2002,\N
114,Kazakhstan,2003,\N
114,Kazakhstan,2004,\N
114,Kazakhstan,2005,\N
114,Kazakhstan,2006,\N
114,Kazakhstan,2007,\N
114,Kazakhstan,2008,\N
114,Kazakhstan,2009,\N
114,Kazakhstan,2010,\N
114,Kazakhstan,2011,\N
114,Kazakhstan,2012,\N
114,Kazakhstan,2013,\N
114,Kazakhstan,2014,\N
114,Kazakhstan,2015,\N
114,Kazakhstan,2016,\N
114,Kazakhstan,2017,\N
114,Kazakhstan,2018,\N
115,Kenya,2000,\N
115,Kenya,2001,\N
115,Kenya,2002,\N
115,Kenya,2003,\N
115,Kenya,2004,\N
115,Kenya,2005,\N
115,Kenya,2006,\N
115,Kenya,2007,\N
115,Kenya,2008,\N
115,Kenya,2009,\N
115,Kenya,2010,\N
115,Kenya,2011,\N
115,Kenya,2012,\N
115,Kenya,2013,\N
115,Kenya,2014,\N
115,Kenya,2015,\N
115,Kenya,2016,\N
115,Kenya,2017,\N
115,Kenya,2018,\N
116,Kiribati,2000,\N
116,Kiribati,2001,\N
116,Kiribati,2002,\N
116,Kiribati,2003,\N
116,Kiribati,2004,\N
116,Kiribati,2005,\N
116,Kiribati,2006,\N
116,Kiribati,2007,\N
116,Kiribati,2008,\N
116,Kiribati,2009,\N
116,Kiribati,2010,\N
116,Kiribati,2011,\N
116,Kiribati,2012,\N
116,Kiribati,2013,\N
116,Kiribati,2014,\N
116,Kiribati,2015,\N
116,Kiribati,2016,\N
116,Kiribati,2017,\N
116,Kiribati,2018,\N
118,Kuwait,2000,\N
118,Kuwait,2001,\N
118,Kuwait,2002,\N
118,Kuwait,2003,\N
118,Kuwait,2004,\N
118,Kuwait,2005,\N
118,Kuwait,2006,\N
118,Kuwait,2007,\N
118,Kuwait,2008,\N
118,Kuwait,2009,\N
118,Kuwait,2010,28.2
118,Kuwait,2011,24.9
118,Kuwait,2012,24.2
118,Kuwait,2013,25.7
118,Kuwait,2014,28.7
118,Kuwait,2015,39.8
118,Kuwait,2016,41.4
118,Kuwait,2017,\N
118,Kuwait,2018,\N
119,Kyrgyzstan,2000,\N
119,Kyrgyzstan,2001,\N
119,Kyrgyzstan,2002,\N
119,Kyrgyzstan,2003,\N
119,Kyrgyzstan,2004,\N
119,Kyrgyzstan,2005,\N
119,Kyrgyzstan,2006,\N
119,Kyrgyzstan,2007,\N
119,Kyrgyzstan,2008,\N
119,Kyrgyzstan,2009,\N
119,Kyrgyzstan,2010,\N
119,Kyrgyzstan,2011,\N
119,Kyrgyzstan,2012,\N
119,Kyrgyzstan,2013,\N
119,Kyrgyzstan,2014,\N
119,Kyrgyzstan,2015,\N
119,Kyrgyzstan,2016,\N
119,Kyrgyzstan,2017,\N
119,Kyrgyzstan,2018,\N
120,Laos,2000,\N
120,Laos,2001,\N
120,Laos,2002,\N
120,Laos,2003,\N
120,Laos,2004,\N
120,Laos,2005,\N
120,Laos,2006,\N
120,Laos,2007,\N
120,Laos,2008,\N
120,Laos,2009,\N
120,Laos,2010,\N
120,Laos,2011,\N
120,Laos,2012,\N
120,Laos,2013,\N
120,Laos,2014,\N
120,Laos,2015,\N
120,Laos,2016,\N
120,Laos,2017,\N
120,Laos,2018,\N
121,Latvia,2000,48.7
121,Latvia,2001,48.080000000000005
121,Latvia,2002,47.46
121,Latvia,2003,46.84
121,Latvia,2004,46.22
121,Latvia,2005,45.6
121,Latvia,2006,46.2
121,Latvia,2007,46.800000000000004
121,Latvia,2008,47.4
121,Latvia,2009,48.0
121,Latvia,2010,48.6
121,Latvia,2011,44.7
121,Latvia,2012,45.3
121,Latvia,2013,46.9
121,Latvia,2014,48.5
121,Latvia,2015,51.4
121,Latvia,2016,53.4
121,Latvia,2017,53.4
121,Latvia,2018,53.6
122,Lebanon,2000,\N
122,Lebanon,2001,\N
122,Lebanon,2002,\N
122,Lebanon,2003,\N
122,Lebanon,2004,\N
122,Lebanon,2005,\N
122,Lebanon,2006,\N
122,Lebanon,2007,\N
122,Lebanon,2008,\N
122,Lebanon,2009,\N
122,Lebanon,2010,\N
122,Lebanon,2011,\N
122,Lebanon,2012,\N
122,Lebanon,2013,\N
122,Lebanon,2014,\N
122,Lebanon,2015,\N
122,Lebanon,2016,\N
122,Lebanon,2017,\N
122,Lebanon,2018,\N
123,Lesotho,2000,\N
123,Lesotho,2001,\N
123,Lesotho,2002,\N
123,Lesotho,2003,\N
123,Lesotho,2004,\N
123,Lesotho,2005,\N
123,Lesotho,2006,\N
123,Lesotho,2007,\N
123,Lesotho,2008,\N
123,Lesotho,2009,\N
123,Lesotho,2010,\N
123,Lesotho,2011,\N
123,Lesotho,2012,\N
123,Lesotho,2013,\N
123,Lesotho,2014,\N
123,Lesotho,2015,\N
123,Lesotho,2016,\N
123,Lesotho,2017,\N
123,Lesotho,2018,\N
124,Liberia,2000,\N
124,Liberia,2001,\N
124,Liberia,2002,\N
124,Liberia,2003,\N
124,Liberia,2004,\N
124,Liberia,2005,\N
124,Liberia,2006,\N
124,Liberia,2007,\N
124,Liberia,2008,\N
124,Liberia,2009,\N
124,Liberia,2010,\N
124,Liberia,2011,\N
124,Liberia,2012,\N
124,Liberia,2013,\N
124,Liberia,2014,\N
124,Liberia,2015,\N
124,Liberia,2016,\N
124,Liberia,2017,\N
124,Liberia,2018,\N
125,Libya,2000,\N
125,Libya,2001,\N
125,Libya,2002,\N
125,Libya,2003,\N
125,Libya,2004,\N
125,Libya,2005,\N
125,Libya,2006,\N
125,Libya,2007,\N
125,Libya,2008,\N
125,Libya,2009,\N
125,Libya,2010,\N
125,Libya,2011,\N
125,Libya,2012,\N
125,Libya,2013,\N
125,Libya,2014,\N
125,Libya,2015,\N
125,Libya,2016,\N
125,Libya,2017,\N
125,Libya,2018,\N
126,Liechtenstein,2000,\N
126,Liechtenstein,2001,\N
126,Liechtenstein,2002,\N
126,Liechtenstein,2003,\N
126,Liechtenstein,2004,\N
126,Liechtenstein,2005,\N
126,Liechtenstein,2006,\N
126,Liechtenstein,2007,\N
126,Liechtenstein,2008,\N
126,Liechtenstein,2009,\N
126,Liechtenstein,2010,\N
126,Liechtenstein,2011,\N
126,Liechtenstein,2012,\N
126,Liechtenstein,2013,\N
126,Liechtenstein,2014,\N
126,Liechtenstein,2015,\N
126,Liechtenstein,2016,\N
126,Liechtenstein,2017,\N
126,Liechtenstein,2018,\N
127,Lithuania,2000,48.6
127,Lithuania,2001,48.7
127,Lithuania,2002,48.800000000000004
127,Lithuania,2003,48.9
127,Lithuania,2004,49.0
127,Lithuania,2005,49.1
127,Lithuania,2006,48.46
127,Lithuania,2007,47.82
127,Lithuania,2008,47.18
127,Lithuania,2009,46.54
127,Lithuania,2010,45.9
127,Lithuania,2011,44
127,Lithuania,2012,43.8
127,Lithuania,2013,44.6
127,Lithuania,2014,45.5
127,Lithuania,2015,47.7
127,Lithuania,2016,50
127,Lithuania,2017,49.8
127,Lithuania,2018,50.6
128,Luxembourg,2000,49.7
128,Luxembourg,2001,50.2
128,Luxembourg,2002,50.7
128,Luxembourg,2003,51.2
128,Luxembourg,2004,51.7
128,Luxembourg,2005,52.2
128,Luxembourg,2006,52.300000000000004
128,Luxembourg,2007,52.400000000000006
128,Luxembourg,2008,52.5
128,Luxembourg,2009,52.6
128,Luxembourg,2010,52.7
128,Luxembourg,2011,51.5
128,Luxembourg,2012,52.5
128,Luxembourg,2013,51.9
128,Luxembourg,2014,51.4
128,Luxembourg,2015,51.8
128,Luxembourg,2016,52.1
128,Luxembourg,2017,53.7
128,Luxembourg,2018,53.4
130,Macedonia,2000,59.2
130,Macedonia,2001,57.52
130,Macedonia,2002,55.84
130,Macedonia,2003,54.16
130,Macedonia,2004,52.48
130,Macedonia,2005,50.8
130,Macedonia,2006,51.14
130,Macedonia,2007,51.48
130,Macedonia,2008,51.82
130,Macedonia,2009,52.16
130,Macedonia,2010,52.5
130,Macedonia,2011,50.7
130,Macedonia,2012,50
130,Macedonia,2013,47.1
130,Macedonia,2014,48.1
130,Macedonia,2015,47.4
130,Macedonia,2016,44.5
130,Macedonia,2017,44.4
130,Macedonia,2018,44
131,Madagascar,2000,\N
131,Madagascar,2001,\N
131,Madagascar,2002,\N
131,Madagascar,2003,\N
131,Madagascar,2004,\N
131,Madagascar,2005,\N
131,Madagascar,2006,\N
131,Madagascar,2007,\N
131,Madagascar,2008,\N
131,Madagascar,2009,\N
131,Madagascar,2010,\N
131,Madagascar,2011,\N
131,Madagascar,2012,\N
131,Madagascar,2013,\N
131,Madagascar,2014,\N
131,Madagascar,2015,\N
131,Madagascar,2016,\N
131,Madagascar,2017,\N
131,Madagascar,2018,\N
132,Malawi,2000,\N
132,Malawi,2001,\N
132,Malawi,2002,\N
132,Malawi,2003,\N
132,Malawi,2004,\N
132,Malawi,2005,\N
132,Malawi,2006,\N
132,Malawi,2007,\N
132,Malawi,2008,\N
132,Malawi,2009,\N
132,Malawi,2010,\N
132,Malawi,2011,\N
132,Malawi,2012,\N
132,Malawi,2013,\N
132,Malawi,2014,\N
132,Malawi,2015,\N
132,Malawi,2016,\N
132,Malawi,2017,\N
132,Malawi,2018,\N
133,Malaysia,2000,\N
133,Malaysia,2001,\N
133,Malaysia,2002,\N
133,Malaysia,2003,\N
133,Malaysia,2004,\N
133,Malaysia,2005,\N
133,Malaysia,2006,\N
133,Malaysia,2007,\N
133,Malaysia,2008,\N
133,Malaysia,2009,\N
133,Malaysia,2010,\N
133,Malaysia,2011,\N
133,Malaysia,2012,\N
133,Malaysia,2013,33.6
133,Malaysia,2014,\N
133,Malaysia,2015,34.8
133,Malaysia,2016,\N
133,Malaysia,2017,\N
133,Malaysia,2018,\N
134,Maldives,2000,\N
134,Maldives,2001,\N
134,Maldives,2002,\N
134,Maldives,2003,\N
134,Maldives,2004,\N
134,Maldives,2005,\N
134,Maldives,2006,\N
134,Maldives,2007,\N
134,Maldives,2008,\N
134,Maldives,2009,\N
134,Maldives,2010,\N
134,Maldives,2011,\N
134,Maldives,2012,\N
134,Maldives,2013,\N
134,Maldives,2014,\N
134,Maldives,2015,\N
134,Maldives,2016,\N
134,Maldives,2017,\N
134,Maldives,2018,\N
135,Mali,2000,\N
135,Mali,2001,\N
135,Mali,2002,\N
135,Mali,2003,\N
135,Mali,2004,\N
135,Mali,2005,\N
135,Mali,2006,\N
135,Mali,2007,\N
135,Mali,2008,\N
135,Mali,2009,\N
135,Mali,2010,\N
135,Mali,2011,\N
135,Mali,2012,\N
135,Mali,2013,\N
135,Mali,2014,\N
135,Mali,2015,\N
135,Mali,2016,\N
135,Mali,2017,\N
135,Mali,2018,\N
136,Malta,2000,49.2
136,Malta,2001,49.22
136,Malta,2002,49.24
136,Malta,2003,49.26
136,Malta,2004,49.28
136,Malta,2005,49.3
136,Malta,2006,49.3
136,Malta,2007,49.3
136,Malta,2008,49.3
136,Malta,2009,49.3
136,Malta,2010,49.3
136,Malta,2011,50.6
136,Malta,2012,51.2
136,Malta,2013,50.9
136,Malta,2014,48.9
136,Malta,2015,47.3
136,Malta,2016,47.3
136,Malta,2017,46.5
136,Malta,2018,45.9
137,Marshall Islands,2000,\N
137,Marshall Islands,2001,\N
137,Marshall Islands,2002,\N
137,Marshall Islands,2003,\N
137,Marshall Islands,2004,\N
137,Marshall Islands,2005,\N
137,Marshall Islands,2006,\N
137,Marshall Islands,2007,\N
137,Marshall Islands,2008,\N
137,Marshall Islands,2009,\N
137,Marshall Islands,2010,\N
137,Marshall Islands,2011,\N
137,Marshall Islands,2012,\N
137,Marshall Islands,2013,\N
137,Marshall Islands,2014,\N
137,Marshall Islands,2015,\N
137,Marshall Islands,2016,\N
137,Marshall Islands,2017,\N
137,Marshall Islands,2018,\N
139,Mauritania,2000,\N
139,Mauritania,2001,\N
139,Mauritania,2002,\N
139,Mauritania,2003,\N
139,Mauritania,2004,\N
139,Mauritania,2005,\N
139,Mauritania,2006,\N
139,Mauritania,2007,\N
139,Mauritania,2008,\N
139,Mauritania,2009,\N
139,Mauritania,2010,\N
139,Mauritania,2011,\N
139,Mauritania,2012,\N
139,Mauritania,2013,\N
139,Mauritania,2014,\N
139,Mauritania,2015,\N
139,Mauritania,2016,\N
139,Mauritania,2017,\N
139,Mauritania,2018,\N
140,Mauritius,2000,\N
140,Mauritius,2001,\N
140,Mauritius,2002,\N
140,Mauritius,2003,\N
140,Mauritius,2004,\N
140,Mauritius,2005,\N
140,Mauritius,2006,\N
140,Mauritius,2007,\N
140,Mauritius,2008,\N
140,Mauritius,2009,\N
140,Mauritius,2010,\N
140,Mauritius,2011,\N
140,Mauritius,2012,\N
140,Mauritius,2013,\N
140,Mauritius,2014,\N
140,Mauritius,2015,\N
140,Mauritius,2016,\N
140,Mauritius,2017,\N
140,Mauritius,2018,\N
142,Mexico,2000,39.3
142,Mexico,2001,39.379999999999995
142,Mexico,2002,39.46
142,Mexico,2003,39.54
142,Mexico,2004,39.620000000000005
142,Mexico,2005,39.7
142,Mexico,2006,39.5
142,Mexico,2007,39.300000000000004
142,Mexico,2008,39.1
142,Mexico,2009,38.900000000000006
142,Mexico,2010,38.7
142,Mexico,2011,37.7
142,Mexico,2012,37.7
142,Mexico,2013,38.4
142,Mexico,2014,37.7
142,Mexico,2015,37.6
142,Mexico,2016,36.6
142,Mexico,2017,35.9
142,Mexico,2018,35.5
143,Micronesia,2000,\N
143,Micronesia,2001,\N
143,Micronesia,2002,\N
143,Micronesia,2003,\N
143,Micronesia,2004,\N
143,Micronesia,2005,\N
143,Micronesia,2006,\N
143,Micronesia,2007,\N
143,Micronesia,2008,\N
143,Micronesia,2009,\N
143,Micronesia,2010,\N
143,Micronesia,2011,\N
143,Micronesia,2012,\N
143,Micronesia,2013,\N
143,Micronesia,2014,\N
143,Micronesia,2015,\N
143,Micronesia,2016,\N
143,Micronesia,2017,\N
143,Micronesia,2018,\N
144,Moldova,2000,\N
144,Moldova,2001,\N
144,Moldova,2002,\N
144,Moldova,2003,\N
144,Moldova,2004,\N
144,Moldova,2005,\N
144,Moldova,2006,\N
144,Moldova,2007,\N
144,Moldova,2008,\N
144,Moldova,2009,\N
144,Moldova,2010,\N
144,Moldova,2011,\N
144,Moldova,2012,\N
144,Moldova,2013,\N
144,Moldova,2014,\N
144,Moldova,2015,42.5
144,Moldova,2016,41.9
144,Moldova,2017,\N
144,Moldova,2018,\N
146,Mongolia,2000,\N
146,Mongolia,2001,\N
146,Mongolia,2002,\N
146,Mongolia,2003,\N
146,Mongolia,2004,\N
146,Mongolia,2005,\N
146,Mongolia,2006,\N
146,Mongolia,2007,\N
146,Mongolia,2008,\N
146,Mongolia,2009,\N
146,Mongolia,2010,22.6
146,Mongolia,2011,23.9
146,Mongolia,2012,26.3
146,Mongolia,2013,26
146,Mongolia,2014,26.3
146,Mongolia,2015,27
146,Mongolia,2016,27.6
146,Mongolia,2017,\N
146,Mongolia,2018,\N
147,Montenegro,2000,\N
147,Montenegro,2001,\N
147,Montenegro,2002,\N
147,Montenegro,2003,\N
147,Montenegro,2004,\N
147,Montenegro,2005,\N
147,Montenegro,2006,\N
147,Montenegro,2007,\N
147,Montenegro,2008,\N
147,Montenegro,2009,\N
147,Montenegro,2010,\N
147,Montenegro,2011,\N
147,Montenegro,2012,\N
147,Montenegro,2013,\N
147,Montenegro,2014,\N
147,Montenegro,2015,\N
147,Montenegro,2016,\N
147,Montenegro,2017,\N
147,Montenegro,2018,\N
149,Morocco,2000,\N
149,Morocco,2001,\N
149,Morocco,2002,\N
149,Morocco,2003,\N
149,Morocco,2004,\N
149,Morocco,2005,\N
149,Morocco,2006,\N
149,Morocco,2007,\N
149,Morocco,2008,\N
149,Morocco,2009,\N
149,Morocco,2010,\N
149,Morocco,2011,\N
149,Morocco,2012,\N
149,Morocco,2013,\N
149,Morocco,2014,\N
149,Morocco,2015,\N
149,Morocco,2016,\N
149,Morocco,2017,\N
149,Morocco,2018,\N
150,Mozambique,2000,\N
150,Mozambique,2001,\N
150,Mozambique,2002,\N
150,Mozambique,2003,\N
150,Mozambique,2004,\N
150,Mozambique,2005,\N
150,Mozambique,2006,\N
150,Mozambique,2007,\N
150,Mozambique,2008,\N
150,Mozambique,2009,\N
150,Mozambique,2010,\N
150,Mozambique,2011,\N
150,Mozambique,2012,\N
150,Mozambique,2013,\N
150,Mozambique,2014,\N
150,Mozambique,2015,\N
150,Mozambique,2016,\N
150,Mozambique,2017,\N
150,Mozambique,2018,\N
151,Myanmar,2000,\N
151,Myanmar,2001,\N
151,Myanmar,2002,\N
151,Myanmar,2003,\N
151,Myanmar,2004,\N
151,Myanmar,2005,\N
151,Myanmar,2006,\N
151,Myanmar,2007,\N
151,Myanmar,2008,\N
151,Myanmar,2009,\N
151,Myanmar,2010,\N
151,Myanmar,2011,\N
151,Myanmar,2012,\N
151,Myanmar,2013,\N
151,Myanmar,2014,\N
151,Myanmar,2015,\N
151,Myanmar,2016,\N
151,Myanmar,2017,\N
151,Myanmar,2018,\N
152,Namibia,2000,\N
152,Namibia,2001,\N
152,Namibia,2002,\N
152,Namibia,2003,\N
152,Namibia,2004,\N
152,Namibia,2005,\N
152,Namibia,2006,\N
152,Namibia,2007,\N
152,Namibia,2008,\N
152,Namibia,2009,\N
152,Namibia,2010,\N
152,Namibia,2011,\N
152,Namibia,2012,\N
152,Namibia,2013,\N
152,Namibia,2014,\N
152,Namibia,2015,\N
152,Namibia,2016,\N
152,Namibia,2017,\N
152,Namibia,2018,\N
154,Nepal,2000,\N
154,Nepal,2001,\N
154,Nepal,2002,\N
154,Nepal,2003,\N
154,Nepal,2004,\N
154,Nepal,2005,\N
154,Nepal,2006,\N
154,Nepal,2007,\N
154,Nepal,2008,\N
154,Nepal,2009,\N
154,Nepal,2010,\N
154,Nepal,2011,\N
154,Nepal,2012,\N
154,Nepal,2013,\N
154,Nepal,2014,\N
154,Nepal,2015,\N
154,Nepal,2016,\N
154,Nepal,2017,\N
154,Nepal,2018,\N
155,Netherlands,2000,59.3
155,Netherlands,2001,58.839999999999996
155,Netherlands,2002,58.379999999999995
155,Netherlands,2003,57.92
155,Netherlands,2004,57.46
155,Netherlands,2005,57
155,Netherlands,2006,57.18
155,Netherlands,2007,57.36
155,Netherlands,2008,57.54
155,Netherlands,2009,57.72
155,Netherlands,2010,57.9
155,Netherlands,2011,58.5
155,Netherlands,2012,59.2
155,Netherlands,2013,58.9
155,Netherlands,2014,58.9
155,Netherlands,2015,57.6
155,Netherlands,2016,57.7
155,Netherlands,2017,57.4
155,Netherlands,2018,57.3
158,New Zealand,2000,47.8
158,New Zealand,2001,48.46
158,New Zealand,2002,49.12
158,New Zealand,2003,49.78
158,New Zealand,2004,50.44
158,New Zealand,2005,51.1
158,New Zealand,2006,51.34
158,New Zealand,2007,51.58
158,New Zealand,2008,51.82
158,New Zealand,2009,52.059999999999995
158,New Zealand,2010,52.3
158,New Zealand,2011,52
158,New Zealand,2012,52.3
158,New Zealand,2013,50.2
158,New Zealand,2014,50.8
158,New Zealand,2015,50.4
158,New Zealand,2016,51.3
158,New Zealand,2017,51.1
158,New Zealand,2018,52.3
159,Nicaragua,2000,\N
159,Nicaragua,2001,\N
159,Nicaragua,2002,\N
159,Nicaragua,2003,\N
159,Nicaragua,2004,\N
159,Nicaragua,2005,\N
159,Nicaragua,2006,\N
159,Nicaragua,2007,\N
159,Nicaragua,2008,\N
159,Nicaragua,2009,\N
159,Nicaragua,2010,\N
159,Nicaragua,2011,\N
159,Nicaragua,2012,\N
159,Nicaragua,2013,\N
159,Nicaragua,2014,\N
159,Nicaragua,2015,\N
159,Nicaragua,2016,\N
159,Nicaragua,2017,\N
159,Nicaragua,2018,\N
160,Niger,2000,\N
160,Niger,2001,\N
160,Niger,2002,\N
160,Niger,2003,\N
160,Niger,2004,\N
160,Niger,2005,\N
160,Niger,2006,\N
160,Niger,2007,\N
160,Niger,2008,\N
160,Niger,2009,\N
160,Niger,2010,\N
160,Niger,2011,\N
160,Niger,2012,\N
160,Niger,2013,\N
160,Niger,2014,\N
160,Niger,2015,\N
160,Niger,2016,\N
160,Niger,2017,\N
160,Niger,2018,\N
161,Nigeria,2000,\N
161,Nigeria,2001,\N
161,Nigeria,2002,\N
161,Nigeria,2003,\N
161,Nigeria,2004,\N
161,Nigeria,2005,\N
161,Nigeria,2006,\N
161,Nigeria,2007,\N
161,Nigeria,2008,\N
161,Nigeria,2009,\N
161,Nigeria,2010,\N
161,Nigeria,2011,\N
161,Nigeria,2012,\N
161,Nigeria,2013,\N
161,Nigeria,2014,\N
161,Nigeria,2015,\N
161,Nigeria,2016,\N
161,Nigeria,2017,\N
161,Nigeria,2018,\N
166,Norway,2000,45.8
166,Norway,2001,45.46
166,Norway,2002,45.12
166,Norway,2003,44.78
166,Norway,2004,44.44
166,Norway,2005,44.1
166,Norway,2006,44.74
166,Norway,2007,45.38
166,Norway,2008,46.019999999999996
166,Norway,2009,46.66
166,Norway,2010,47.3
166,Norway,2011,46.7
166,Norway,2012,46.9
166,Norway,2013,47.8
166,Norway,2014,48.8
166,Norway,2015,50.8
166,Norway,2016,51.6
166,Norway,2017,50.3
166,Norway,2018,49.3
167,Oman,2000,\N
167,Oman,2001,\N
167,Oman,2002,\N
167,Oman,2003,\N
167,Oman,2004,\N
167,Oman,2005,\N
167,Oman,2006,\N
167,Oman,2007,\N
167,Oman,2008,\N
167,Oman,2009,\N
167,Oman,2010,\N
167,Oman,2011,\N
167,Oman,2012,\N
167,Oman,2013,\N
167,Oman,2014,\N
167,Oman,2015,\N
167,Oman,2016,\N
167,Oman,2017,\N
167,Oman,2018,\N
168,Pakistan,2000,\N
168,Pakistan,2001,\N
168,Pakistan,2002,\N
168,Pakistan,2003,\N
168,Pakistan,2004,\N
168,Pakistan,2005,\N
168,Pakistan,2006,\N
168,Pakistan,2007,\N
168,Pakistan,2008,\N
168,Pakistan,2009,\N
168,Pakistan,2010,\N
168,Pakistan,2011,\N
168,Pakistan,2012,\N
168,Pakistan,2013,\N
168,Pakistan,2014,\N
168,Pakistan,2015,\N
168,Pakistan,2016,\N
168,Pakistan,2017,\N
168,Pakistan,2018,\N
169,Palau,2000,\N
169,Palau,2001,\N
169,Palau,2002,\N
169,Palau,2003,\N
169,Palau,2004,\N
169,Palau,2005,\N
169,Palau,2006,\N
169,Palau,2007,\N
169,Palau,2008,\N
169,Palau,2009,\N
169,Palau,2010,\N
169,Palau,2011,\N
169,Palau,2012,\N
169,Palau,2013,\N
169,Palau,2014,\N
169,Palau,2015,\N
169,Palau,2016,\N
169,Palau,2017,\N
169,Palau,2018,\N
170,Palestinian Territory,2000,\N
170,Palestinian Territory,2001,\N
170,Palestinian Territory,2002,\N
170,Palestinian Territory,2003,\N
170,Palestinian Territory,2004,\N
170,Palestinian Territory,2005,\N
170,Palestinian Territory,2006,\N
170,Palestinian Territory,2007,\N
170,Palestinian Territory,2008,\N
170,Palestinian Territory,2009,\N
170,Palestinian Territory,2010,\N
170,Palestinian Territory,2011,\N
170,Palestinian Territory,2012,\N
170,Palestinian Territory,2013,\N
170,Palestinian Territory,2014,\N
170,Palestinian Territory,2015,\N
170,Palestinian Territory,2016,\N
170,Palestinian Territory,2017,\N
170,Palestinian Territory,2018,\N
171,Panama,2000,\N
171,Panama,2001,\N
171,Panama,2002,\N
171,Panama,2003,\N
171,Panama,2004,\N
171,Panama,2005,\N
171,Panama,2006,\N
171,Panama,2007,\N
171,Panama,2008,\N
171,Panama,2009,\N
171,Panama,2010,\N
171,Panama,2011,\N
171,Panama,2012,\N
171,Panama,2013,\N
171,Panama,2014,\N
171,Panama,2015,\N
171,Panama,2016,\N
171,Panama,2017,\N
171,Panama,2018,\N
172,Papua New Guinea,2000,\N
172,Papua New Guinea,2001,\N
172,Papua New Guinea,2002,\N
172,Papua New Guinea,2003,\N
172,Papua New Guinea,2004,\N
172,Papua New Guinea,2005,\N
172,Papua New Guinea,2006,\N
172,Papua New Guinea,2007,\N
172,Papua New Guinea,2008,\N
172,Papua New Guinea,2009,\N
172,Papua New Guinea,2010,\N
172,Papua New Guinea,2011,\N
172,Papua New Guinea,2012,\N
172,Papua New Guinea,2013,\N
172,Papua New Guinea,2014,\N
172,Papua New Guinea,2015,\N
172,Papua New Guinea,2016,\N
172,Papua New Guinea,2017,\N
172,Papua New Guinea,2018,\N
173,Paraguay,2000,\N
173,Paraguay,2001,\N
173,Paraguay,2002,\N
173,Paraguay,2003,\N
173,Paraguay,2004,\N
173,Paraguay,2005,\N
173,Paraguay,2006,\N
173,Paraguay,2007,\N
173,Paraguay,2008,\N
173,Paraguay,2009,\N
173,Paraguay,2010,\N
173,Paraguay,2011,\N
173,Paraguay,2012,\N
173,Paraguay,2013,\N
173,Paraguay,2014,\N
173,Paraguay,2015,\N
173,Paraguay,2016,\N
173,Paraguay,2017,\N
173,Paraguay,2018,\N
174,Peru,2000,\N
174,Peru,2001,\N
174,Peru,2002,\N
174,Peru,2003,\N
174,Peru,2004,\N
174,Peru,2005,\N
174,Peru,2006,\N
174,Peru,2007,\N
174,Peru,2008,\N
174,Peru,2009,\N
174,Peru,2010,\N
174,Peru,2011,23.1
174,Peru,2012,23.6
174,Peru,2013,\N
174,Peru,2014,\N
174,Peru,2015,\N
174,Peru,2016,\N
174,Peru,2017,\N
174,Peru,2018,\N
175,Philippines,2000,\N
175,Philippines,2001,\N
175,Philippines,2002,\N
175,Philippines,2003,\N
175,Philippines,2004,\N
175,Philippines,2005,\N
175,Philippines,2006,\N
175,Philippines,2007,\N
175,Philippines,2008,\N
175,Philippines,2009,\N
175,Philippines,2010,32.2
175,Philippines,2011,35
175,Philippines,2012,35.1
175,Philippines,2013,34.6
175,Philippines,2014,34.9
175,Philippines,2015,35.3
175,Philippines,2016,35.7
175,Philippines,2017,36.3
175,Philippines,2018,\N
177,Poland,2000,56.8
177,Poland,2001,55.379999999999995
177,Poland,2002,53.96
177,Poland,2003,52.54
177,Poland,2004,51.120000000000005
177,Poland,2005,49.7
177,Poland,2006,49.56
177,Poland,2007,49.42
177,Poland,2008,49.28
177,Poland,2009,49.14
177,Poland,2010,49
177,Poland,2011,47.9
177,Poland,2012,47.8
177,Poland,2013,47.7
177,Poland,2014,47.8
177,Poland,2015,47.1
177,Poland,2016,48.2
177,Poland,2017,48.3
177,Poland,2018,49
178,Portugal,2000,60.2
178,Portugal,2001,59.900000000000006
178,Portugal,2002,59.6
178,Portugal,2003,59.300000000000004
178,Portugal,2004,59.0
178,Portugal,2005,58.7
178,Portugal,2006,58.260000000000005
178,Portugal,2007,57.82
178,Portugal,2008,57.38
178,Portugal,2009,56.94
178,Portugal,2010,56.5
178,Portugal,2011,55.5
178,Portugal,2012,54
178,Portugal,2013,53.7
178,Portugal,2014,52.7
178,Portugal,2015,51.6
178,Portugal,2016,51.4
178,Portugal,2017,51.7
178,Portugal,2018,52.1
180,Qatar,2000,\N
180,Qatar,2001,\N
180,Qatar,2002,\N
180,Qatar,2003,\N
180,Qatar,2004,\N
180,Qatar,2005,\N
180,Qatar,2006,\N
180,Qatar,2007,\N
180,Qatar,2008,\N
180,Qatar,2009,\N
180,Qatar,2010,\N
180,Qatar,2011,22.4
180,Qatar,2012,19.2
180,Qatar,2013,\N
180,Qatar,2014,18.8
180,Qatar,2015,18.8
180,Qatar,2016,\N
180,Qatar,2017,\N
180,Qatar,2018,\N
181,Republic of the Congo,2000,\N
181,Republic of the Congo,2001,\N
181,Republic of the Congo,2002,\N
181,Republic of the Congo,2003,\N
181,Republic of the Congo,2004,\N
181,Republic of the Congo,2005,\N
181,Republic of the Congo,2006,\N
181,Republic of the Congo,2007,\N
181,Republic of the Congo,2008,\N
181,Republic of the Congo,2009,\N
181,Republic of the Congo,2010,\N
181,Republic of the Congo,2011,\N
181,Republic of the Congo,2012,\N
181,Republic of the Congo,2013,\N
181,Republic of the Congo,2014,\N
181,Republic of the Congo,2015,\N
181,Republic of the Congo,2016,\N
181,Republic of the Congo,2017,\N
181,Republic of the Congo,2018,\N
183,Romania,2000,\N
183,Romania,2001,\N
183,Romania,2002,\N
183,Romania,2003,\N
183,Romania,2004,\N
183,Romania,2005,\N
183,Romania,2006,\N
183,Romania,2007,\N
183,Romania,2008,\N
183,Romania,2009,\N
183,Romania,2010,\N
183,Romania,2011,\N
183,Romania,2012,\N
183,Romania,2013,\N
183,Romania,2014,\N
183,Romania,2015,\N
183,Romania,2016,\N
183,Romania,2017,\N
183,Romania,2018,\N
184,Russia,2000,\N
184,Russia,2001,\N
184,Russia,2002,\N
184,Russia,2003,\N
184,Russia,2004,\N
184,Russia,2005,\N
184,Russia,2006,\N
184,Russia,2007,\N
184,Russia,2008,\N
184,Russia,2009,\N
184,Russia,2010,49.6
184,Russia,2011,43.8
184,Russia,2012,44.3
184,Russia,2013,46.2
184,Russia,2014,47.2
184,Russia,2015,46.9
184,Russia,2016,47.9
184,Russia,2017,48.1
184,Russia,2018,\N
185,Rwanda,2000,\N
185,Rwanda,2001,\N
185,Rwanda,2002,\N
185,Rwanda,2003,\N
185,Rwanda,2004,\N
185,Rwanda,2005,\N
185,Rwanda,2006,\N
185,Rwanda,2007,\N
185,Rwanda,2008,\N
185,Rwanda,2009,\N
185,Rwanda,2010,\N
185,Rwanda,2011,\N
185,Rwanda,2012,\N
185,Rwanda,2013,\N
185,Rwanda,2014,\N
185,Rwanda,2015,\N
185,Rwanda,2016,\N
185,Rwanda,2017,\N
185,Rwanda,2018,\N
188,Saint Kitts and Nevis,2000,\N
188,Saint Kitts and Nevis,2001,\N
188,Saint Kitts and Nevis,2002,\N
188,Saint Kitts and Nevis,2003,\N
188,Saint Kitts and Nevis,2004,\N
188,Saint Kitts and Nevis,2005,\N
188,Saint Kitts and Nevis,2006,\N
188,Saint Kitts and Nevis,2007,\N
188,Saint Kitts and Nevis,2008,\N
188,Saint Kitts and Nevis,2009,\N
188,Saint Kitts and Nevis,2010,\N
188,Saint Kitts and Nevis,2011,\N
188,Saint Kitts and Nevis,2012,\N
188,Saint Kitts and Nevis,2013,\N
188,Saint Kitts and Nevis,2014,\N
188,Saint Kitts and Nevis,2015,\N
188,Saint Kitts and Nevis,2016,\N
188,Saint Kitts and Nevis,2017,\N
188,Saint Kitts and Nevis,2018,\N
189,Saint Lucia,2000,\N
189,Saint Lucia,2001,\N
189,Saint Lucia,2002,\N
189,Saint Lucia,2003,\N
189,Saint Lucia,2004,\N
189,Saint Lucia,2005,\N
189,Saint Lucia,2006,\N
189,Saint Lucia,2007,\N
189,Saint Lucia,2008,\N
189,Saint Lucia,2009,\N
189,Saint Lucia,2010,\N
189,Saint Lucia,2011,\N
189,Saint Lucia,2012,\N
189,Saint Lucia,2013,\N
189,Saint Lucia,2014,\N
189,Saint Lucia,2015,\N
189,Saint Lucia,2016,\N
189,Saint Lucia,2017,\N
189,Saint Lucia,2018,\N
192,Saint Vincent and the Grenadines,2000,\N
192,Saint Vincent and the Grenadines,2001,\N
192,Saint Vincent and the Grenadines,2002,\N
192,Saint Vincent and the Grenadines,2003,\N
192,Saint Vincent and the Grenadines,2004,\N
192,Saint Vincent and the Grenadines,2005,\N
192,Saint Vincent and the Grenadines,2006,\N
192,Saint Vincent and the Grenadines,2007,\N
192,Saint Vincent and the Grenadines,2008,\N
192,Saint Vincent and the Grenadines,2009,\N
192,Saint Vincent and the Grenadines,2010,\N
192,Saint Vincent and the Grenadines,2011,\N
192,Saint Vincent and the Grenadines,2012,\N
192,Saint Vincent and the Grenadines,2013,\N
192,Saint Vincent and the Grenadines,2014,\N
192,Saint Vincent and the Grenadines,2015,\N
192,Saint Vincent and the Grenadines,2016,\N
192,Saint Vincent and the Grenadines,2017,\N
192,Saint Vincent and the Grenadines,2018,\N
193,Samoa,2000,\N
193,Samoa,2001,\N
193,Samoa,2002,\N
193,Samoa,2003,\N
193,Samoa,2004,\N
193,Samoa,2005,\N
193,Samoa,2006,\N
193,Samoa,2007,\N
193,Samoa,2008,\N
193,Samoa,2009,\N
193,Samoa,2010,\N
193,Samoa,2011,\N
193,Samoa,2012,\N
193,Samoa,2013,\N
193,Samoa,2014,\N
193,Samoa,2015,\N
193,Samoa,2016,\N
193,Samoa,2017,\N
193,Samoa,2018,\N
194,San Marino,2000,\N
194,San Marino,2001,\N
194,San Marino,2002,\N
194,San Marino,2003,\N
194,San Marino,2004,\N
194,San Marino,2005,\N
194,San Marino,2006,\N
194,San Marino,2007,\N
194,San Marino,2008,\N
194,San Marino,2009,\N
194,San Marino,2010,\N
194,San Marino,2011,\N
194,San Marino,2012,\N
194,San Marino,2013,\N
194,San Marino,2014,\N
194,San Marino,2015,\N
194,San Marino,2016,49.5
194,San Marino,2017,\N
194,San Marino,2018,\N
195,Sao Tome and Principe,2000,\N
195,Sao Tome and Principe,2001,\N
195,Sao Tome and Principe,2002,\N
195,Sao Tome and Principe,2003,\N
195,Sao Tome and Principe,2004,\N
195,Sao Tome and Principe,2005,\N
195,Sao Tome and Principe,2006,\N
195,Sao Tome and Principe,2007,\N
195,Sao Tome and Principe,2008,\N
195,Sao Tome and Principe,2009,\N
195,Sao Tome and Principe,2010,\N
195,Sao Tome and Principe,2011,\N
195,Sao Tome and Principe,2012,\N
195,Sao Tome and Principe,2013,\N
195,Sao Tome and Principe,2014,\N
195,Sao Tome and Principe,2015,\N
195,Sao Tome and Principe,2016,\N
195,Sao Tome and Principe,2017,\N
195,Sao Tome and Principe,2018,\N
196,Saudi Arabia,2000,\N
196,Saudi Arabia,2001,\N
196,Saudi Arabia,2002,\N
196,Saudi Arabia,2003,\N
196,Saudi Arabia,2004,\N
196,Saudi Arabia,2005,\N
196,Saudi Arabia,2006,\N
196,Saudi Arabia,2007,\N
196,Saudi Arabia,2008,\N
196,Saudi Arabia,2009,\N
196,Saudi Arabia,2010,\N
196,Saudi Arabia,2011,\N
196,Saudi Arabia,2012,\N
196,Saudi Arabia,2013,\N
196,Saudi Arabia,2014,\N
196,Saudi Arabia,2015,\N
196,Saudi Arabia,2016,\N
196,Saudi Arabia,2017,\N
196,Saudi Arabia,2018,\N
197,Senegal,2000,\N
197,Senegal,2001,\N
197,Senegal,2002,\N
197,Senegal,2003,\N
197,Senegal,2004,\N
197,Senegal,2005,\N
197,Senegal,2006,\N
197,Senegal,2007,\N
197,Senegal,2008,\N
197,Senegal,2009,\N
197,Senegal,2010,\N
197,Senegal,2011,\N
197,Senegal,2012,\N
197,Senegal,2013,\N
197,Senegal,2014,\N
197,Senegal,2015,\N
197,Senegal,2016,\N
197,Senegal,2017,\N
197,Senegal,2018,\N
198,Serbia,2000,\N
198,Serbia,2001,\N
198,Serbia,2002,\N
198,Serbia,2003,\N
198,Serbia,2004,\N
198,Serbia,2005,\N
198,Serbia,2006,\N
198,Serbia,2007,\N
198,Serbia,2008,\N
198,Serbia,2009,\N
198,Serbia,2010,41.9
198,Serbia,2011,41.5
198,Serbia,2012,42.7
198,Serbia,2013,41.8
198,Serbia,2014,43.2
198,Serbia,2015,41.7
198,Serbia,2016,\N
198,Serbia,2017,\N
198,Serbia,2018,\N
200,Seychelles,2000,\N
200,Seychelles,2001,\N
200,Seychelles,2002,\N
200,Seychelles,2003,\N
200,Seychelles,2004,\N
200,Seychelles,2005,\N
200,Seychelles,2006,\N
200,Seychelles,2007,\N
200,Seychelles,2008,\N
200,Seychelles,2009,\N
200,Seychelles,2010,\N
200,Seychelles,2011,\N
200,Seychelles,2012,\N
200,Seychelles,2013,\N
200,Seychelles,2014,\N
200,Seychelles,2015,\N
200,Seychelles,2016,\N
200,Seychelles,2017,\N
200,Seychelles,2018,\N
201,Sierra Leone,2000,\N
201,Sierra Leone,2001,\N
201,Sierra Leone,2002,\N
201,Sierra Leone,2003,\N
201,Sierra Leone,2004,\N
201,Sierra Leone,2005,\N
201,Sierra Leone,2006,\N
201,Sierra Leone,2007,\N
201,Sierra Leone,2008,\N
201,Sierra Leone,2009,\N
201,Sierra Leone,2010,\N
201,Sierra Leone,2011,\N
201,Sierra Leone,2012,\N
201,Sierra Leone,2013,\N
201,Sierra Leone,2014,\N
201,Sierra Leone,2015,\N
201,Sierra Leone,2016,\N
201,Sierra Leone,2017,\N
201,Sierra Leone,2018,\N
202,Singapore,2000,\N
202,Singapore,2001,\N
202,Singapore,2002,\N
202,Singapore,2003,\N
202,Singapore,2004,\N
202,Singapore,2005,\N
202,Singapore,2006,\N
202,Singapore,2007,\N
202,Singapore,2008,\N
202,Singapore,2009,\N
202,Singapore,2010,\N
202,Singapore,2011,\N
202,Singapore,2012,\N
202,Singapore,2013,\N
202,Singapore,2014,\N
202,Singapore,2015,\N
202,Singapore,2016,\N
202,Singapore,2017,\N
202,Singapore,2018,\N
204,Slovakia,2000,44.6
204,Slovakia,2001,44.14
204,Slovakia,2002,43.68
204,Slovakia,2003,43.22
204,Slovakia,2004,42.76
204,Slovakia,2005,42.3
204,Slovakia,2006,42.699999999999996
204,Slovakia,2007,43.099999999999994
204,Slovakia,2008,43.5
204,Slovakia,2009,43.9
204,Slovakia,2010,44.3
204,Slovakia,2011,44
204,Slovakia,2012,43.9
204,Slovakia,2013,43.8
204,Slovakia,2014,44.1
204,Slovakia,2015,44.7
204,Slovakia,2016,45.5
204,Slovakia,2017,46.9
204,Slovakia,2018,47.4
205,Slovenia,2000,61.7
205,Slovenia,2001,61.440000000000005
205,Slovenia,2002,61.18
205,Slovenia,2003,60.92
205,Slovenia,2004,60.66
205,Slovenia,2005,60.4
205,Slovenia,2006,61.12
205,Slovenia,2007,61.839999999999996
205,Slovenia,2008,62.56
205,Slovenia,2009,63.28
205,Slovenia,2010,64
205,Slovenia,2011,62.8
205,Slovenia,2012,63
205,Slovenia,2013,62.3
205,Slovenia,2014,61.1
205,Slovenia,2015,60.6
205,Slovenia,2016,61.2
205,Slovenia,2017,61
205,Slovenia,2018,61.2
206,Solomon Islands,2000,\N
206,Solomon Islands,2001,\N
206,Solomon Islands,2002,\N
206,Solomon Islands,2003,\N
206,Solomon Islands,2004,\N
206,Solomon Islands,2005,\N
206,Solomon Islands,2006,\N
206,Solomon Islands,2007,\N
206,Solomon Islands,2008,\N
206,Solomon Islands,2009,\N
206,Solomon Islands,2010,\N
206,Solomon Islands,2011,\N
206,Solomon Islands,2012,\N
206,Solomon Islands,2013,\N
206,Solomon Islands,2014,\N
206,Solomon Islands,2015,\N
206,Solomon Islands,2016,\N
206,Solomon Islands,2017,\N
206,Solomon Islands,2018,\N
208,South Africa,2000,\N
208,South Africa,2001,\N
208,South Africa,2002,\N
208,South Africa,2003,\N
208,South Africa,2004,\N
208,South Africa,2005,\N
208,South Africa,2006,\N
208,South Africa,2007,\N
208,South Africa,2008,\N
208,South Africa,2009,\N
208,South Africa,2010,\N
208,South Africa,2011,\N
208,South Africa,2012,\N
208,South Africa,2013,\N
208,South Africa,2014,\N
208,South Africa,2015,\N
208,South Africa,2016,\N
208,South Africa,2017,\N
208,South Africa,2018,\N
210,South Korea,2000,65.4
210,South Korea,2001,65.44
210,South Korea,2002,65.48
210,South Korea,2003,65.52
210,South Korea,2004,65.56
210,South Korea,2005,65.6
210,South Korea,2006,64.38
210,South Korea,2007,63.16
210,South Korea,2008,61.94
210,South Korea,2009,60.72
210,South Korea,2010,59.5
210,South Korea,2011,59.7
210,South Korea,2012,60.6
210,South Korea,2013,60.7
210,South Korea,2014,60.8
210,South Korea,2015,60.3
210,South Korea,2016,60.1
210,South Korea,2017,59.5
210,South Korea,2018,61
211,South Sudan,2000,\N
211,South Sudan,2001,\N
211,South Sudan,2002,\N
211,South Sudan,2003,\N
211,South Sudan,2004,\N
211,South Sudan,2005,\N
211,South Sudan,2006,\N
211,South Sudan,2007,\N
211,South Sudan,2008,\N
211,South Sudan,2009,\N
211,South Sudan,2010,\N
211,South Sudan,2011,\N
211,South Sudan,2012,\N
211,South Sudan,2013,\N
211,South Sudan,2014,\N
211,South Sudan,2015,\N
211,South Sudan,2016,\N
211,South Sudan,2017,\N
211,South Sudan,2018,\N
212,Spain,2000,58.4
212,Spain,2001,57.9
212,Spain,2002,57.4
212,Spain,2003,56.9
212,Spain,2004,56.4
212,Spain,2005,55.9
212,Spain,2006,56.26
212,Spain,2007,56.62
212,Spain,2008,56.980000000000004
212,Spain,2009,57.34
212,Spain,2010,57.7
212,Spain,2011,57.1
212,Spain,2012,55.6
212,Spain,2013,55.1
212,Spain,2014,55
212,Spain,2015,55.1
212,Spain,2016,54.5
212,Spain,2017,53.9
212,Spain,2018,53.9
213,Sri Lanka,2000,\N
213,Sri Lanka,2001,\N
213,Sri Lanka,2002,\N
213,Sri Lanka,2003,\N
213,Sri Lanka,2004,\N
213,Sri Lanka,2005,\N
213,Sri Lanka,2006,\N
213,Sri Lanka,2007,\N
213,Sri Lanka,2008,\N
213,Sri Lanka,2009,\N
213,Sri Lanka,2010,\N
213,Sri Lanka,2011,\N
213,Sri Lanka,2012,\N
213,Sri Lanka,2013,\N
213,Sri Lanka,2014,\N
213,Sri Lanka,2015,\N
213,Sri Lanka,2016,\N
213,Sri Lanka,2017,\N
213,Sri Lanka,2018,\N
214,Sudan,2000,\N
214,Sudan,2001,\N
214,Sudan,2002,\N
214,Sudan,2003,\N
214,Sudan,2004,\N
214,Sudan,2005,\N
214,Sudan,2006,\N
214,Sudan,2007,\N
214,Sudan,2008,\N
214,Sudan,2009,\N
214,Sudan,2010,\N
214,Sudan,2011,\N
214,Sudan,2012,\N
214,Sudan,2013,\N
214,Sudan,2014,\N
214,Sudan,2015,\N
214,Sudan,2016,\N
214,Sudan,2017,\N
214,Sudan,2018,\N
215,Suriname,2000,\N
215,Suriname,2001,\N
215,Suriname,2002,\N
215,Suriname,2003,\N
215,Suriname,2004,\N
215,Suriname,2005,\N
215,Suriname,2006,\N
215,Suriname,2007,\N
215,Suriname,2008,\N
215,Suriname,2009,\N
215,Suriname,2010,\N
215,Suriname,2011,\N
215,Suriname,2012,\N
215,Suriname,2013,\N
215,Suriname,2014,\N
215,Suriname,2015,\N
215,Suriname,2016,\N
215,Suriname,2017,\N
215,Suriname,2018,\N
217,Swaziland,2000,\N
217,Swaziland,2001,\N
217,Swaziland,2002,\N
217,Swaziland,2003,\N
217,Swaziland,2004,\N
217,Swaziland,2005,\N
217,Swaziland,2006,\N
217,Swaziland,2007,\N
217,Swaziland,2008,\N
217,Swaziland,2009,\N
217,Swaziland,2010,\N
217,Swaziland,2011,\N
217,Swaziland,2012,\N
217,Swaziland,2013,\N
217,Swaziland,2014,\N
217,Swaziland,2015,\N
217,Swaziland,2016,\N
217,Swaziland,2017,\N
217,Swaziland,2018,\N
218,Sweden,2000,48
218,Sweden,2001,47.94
218,Sweden,2002,47.88
218,Sweden,2003,47.82
218,Sweden,2004,47.760000000000005
218,Sweden,2005,47.7
218,Sweden,2006,47.78
218,Sweden,2007,47.86
218,Sweden,2008,47.940000000000005
218,Sweden,2009,48.02
218,Sweden,2010,48.1
218,Sweden,2011,48.8
218,Sweden,2012,50.3
218,Sweden,2013,50.6
218,Sweden,2014,50.2
218,Sweden,2015,49.1
218,Sweden,2016,49.1
218,Sweden,2017,49.1
218,Sweden,2018,49.5
219,Switzerland,2000,62.4
219,Switzerland,2001,62.46
219,Switzerland,2002,62.52
219,Switzerland,2003,62.58
219,Switzerland,2004,62.64
219,Switzerland,2005,62.7
219,Switzerland,2006,62.760000000000005
219,Switzerland,2007,62.82
219,Switzerland,2008,62.88
219,Switzerland,2009,62.94
219,Switzerland,2010,63
219,Switzerland,2011,64
219,Switzerland,2012,65
219,Switzerland,2013,65.3
219,Switzerland,2014,65
219,Switzerland,2015,65.4
219,Switzerland,2016,65.4
219,Switzerland,2017,65.4
219,Switzerland,2018,64.5
220,Syria,2000,\N
220,Syria,2001,\N
220,Syria,2002,\N
220,Syria,2003,\N
220,Syria,2004,\N
220,Syria,2005,\N
220,Syria,2006,\N
220,Syria,2007,\N
220,Syria,2008,\N
220,Syria,2009,\N
220,Syria,2010,\N
220,Syria,2011,\N
220,Syria,2012,\N
220,Syria,2013,\N
220,Syria,2014,\N
220,Syria,2015,\N
220,Syria,2016,\N
220,Syria,2017,\N
220,Syria,2018,\N
222,Tajikistan,2000,\N
222,Tajikistan,2001,\N
222,Tajikistan,2002,\N
222,Tajikistan,2003,\N
222,Tajikistan,2004,\N
222,Tajikistan,2005,\N
222,Tajikistan,2006,\N
222,Tajikistan,2007,\N
222,Tajikistan,2008,\N
222,Tajikistan,2009,\N
222,Tajikistan,2010,\N
222,Tajikistan,2011,\N
222,Tajikistan,2012,\N
222,Tajikistan,2013,\N
222,Tajikistan,2014,\N
222,Tajikistan,2015,\N
222,Tajikistan,2016,\N
222,Tajikistan,2017,\N
222,Tajikistan,2018,\N
223,Tanzania,2000,\N
223,Tanzania,2001,\N
223,Tanzania,2002,\N
223,Tanzania,2003,\N
223,Tanzania,2004,\N
223,Tanzania,2005,\N
223,Tanzania,2006,\N
223,Tanzania,2007,\N
223,Tanzania,2008,\N
223,Tanzania,2009,\N
223,Tanzania,2010,\N
223,Tanzania,2011,\N
223,Tanzania,2012,\N
223,Tanzania,2013,\N
223,Tanzania,2014,\N
223,Tanzania,2015,\N
223,Tanzania,2016,\N
223,Tanzania,2017,\N
223,Tanzania,2018,\N
224,Thailand,2000,\N
224,Thailand,2001,\N
224,Thailand,2002,\N
224,Thailand,2003,\N
224,Thailand,2004,\N
224,Thailand,2005,\N
224,Thailand,2006,\N
224,Thailand,2007,\N
224,Thailand,2008,\N
224,Thailand,2009,\N
224,Thailand,2010,\N
224,Thailand,2011,\N
224,Thailand,2012,\N
224,Thailand,2013,\N
224,Thailand,2014,\N
224,Thailand,2015,\N
224,Thailand,2016,\N
224,Thailand,2017,\N
224,Thailand,2018,\N
225,Timor Leste,2000,\N
225,Timor Leste,2001,\N
225,Timor Leste,2002,\N
225,Timor Leste,2003,\N
225,Timor Leste,2004,\N
225,Timor Leste,2005,\N
225,Timor Leste,2006,\N
225,Timor Leste,2007,\N
225,Timor Leste,2008,\N
225,Timor Leste,2009,\N
225,Timor Leste,2010,\N
225,Timor Leste,2011,\N
225,Timor Leste,2012,\N
225,Timor Leste,2013,\N
225,Timor Leste,2014,\N
225,Timor Leste,2015,\N
225,Timor Leste,2016,\N
225,Timor Leste,2017,\N
225,Timor Leste,2018,\N
226,Togo,2000,\N
226,Togo,2001,\N
226,Togo,2002,\N
226,Togo,2003,\N
226,Togo,2004,\N
226,Togo,2005,\N
226,Togo,2006,\N
226,Togo,2007,\N
226,Togo,2008,\N
226,Togo,2009,\N
226,Togo,2010,\N
226,Togo,2011,\N
226,Togo,2012,\N
226,Togo,2013,\N
226,Togo,2014,\N
226,Togo,2015,\N
226,Togo,2016,\N
226,Togo,2017,\N
226,Togo,2018,\N
228,Tonga,2000,\N
228,Tonga,2001,\N
228,Tonga,2002,\N
228,Tonga,2003,\N
228,Tonga,2004,\N
228,Tonga,2005,\N
228,Tonga,2006,\N
228,Tonga,2007,\N
228,Tonga,2008,\N
228,Tonga,2009,\N
228,Tonga,2010,\N
228,Tonga,2011,\N
228,Tonga,2012,\N
228,Tonga,2013,\N
228,Tonga,2014,\N
228,Tonga,2015,\N
228,Tonga,2016,\N
228,Tonga,2017,\N
228,Tonga,2018,\N
229,Trinidad and Tobago,2000,\N
229,Trinidad and Tobago,2001,\N
229,Trinidad and Tobago,2002,\N
229,Trinidad and Tobago,2003,\N
229,Trinidad and Tobago,2004,\N
229,Trinidad and Tobago,2005,\N
229,Trinidad and Tobago,2006,\N
229,Trinidad and Tobago,2007,\N
229,Trinidad and Tobago,2008,\N
229,Trinidad and Tobago,2009,\N
229,Trinidad and Tobago,2010,\N
229,Trinidad and Tobago,2011,\N
229,Trinidad and Tobago,2012,\N
229,Trinidad and Tobago,2013,\N
229,Trinidad and Tobago,2014,\N
229,Trinidad and Tobago,2015,\N
229,Trinidad and Tobago,2016,\N
229,Trinidad and Tobago,2017,\N
229,Trinidad and Tobago,2018,\N
230,Tunisia,2000,\N
230,Tunisia,2001,\N
230,Tunisia,2002,\N
230,Tunisia,2003,\N
230,Tunisia,2004,\N
230,Tunisia,2005,\N
230,Tunisia,2006,\N
230,Tunisia,2007,\N
230,Tunisia,2008,\N
230,Tunisia,2009,\N
230,Tunisia,2010,\N
230,Tunisia,2011,\N
230,Tunisia,2012,\N
230,Tunisia,2013,\N
230,Tunisia,2014,\N
230,Tunisia,2015,\N
230,Tunisia,2016,\N
230,Tunisia,2017,\N
230,Tunisia,2018,\N
231,Turkey,2000,55.3
231,Turkey,2001,53.04
231,Turkey,2002,50.78
231,Turkey,2003,48.519999999999996
231,Turkey,2004,46.26
231,Turkey,2005,44
231,Turkey,2006,44.1
231,Turkey,2007,44.2
231,Turkey,2008,44.3
231,Turkey,2009,44.4
231,Turkey,2010,44.5
231,Turkey,2011,43.2
231,Turkey,2012,44.4
231,Turkey,2013,43.7
231,Turkey,2014,45.1
231,Turkey,2015,45.6
231,Turkey,2016,50.3
231,Turkey,2017,47.6
231,Turkey,2018,47.4
232,Turkmenistan,2000,\N
232,Turkmenistan,2001,\N
232,Turkmenistan,2002,\N
232,Turkmenistan,2003,\N
232,Turkmenistan,2004,\N
232,Turkmenistan,2005,\N
232,Turkmenistan,2006,\N
232,Turkmenistan,2007,\N
232,Turkmenistan,2008,\N
232,Turkmenistan,2009,\N
232,Turkmenistan,2010,\N
232,Turkmenistan,2011,\N
232,Turkmenistan,2012,\N
232,Turkmenistan,2013,\N
232,Turkmenistan,2014,\N
232,Turkmenistan,2015,\N
232,Turkmenistan,2016,\N
232,Turkmenistan,2017,\N
232,Turkmenistan,2018,\N
236,Uganda,2000,\N
236,Uganda,2001,\N
236,Uganda,2002,\N
236,Uganda,2003,\N
236,Uganda,2004,\N
236,Uganda,2005,\N
236,Uganda,2006,\N
236,Uganda,2007,\N
236,Uganda,2008,\N
236,Uganda,2009,\N
236,Uganda,2010,\N
236,Uganda,2011,\N
236,Uganda,2012,\N
236,Uganda,2013,\N
236,Uganda,2014,\N
236,Uganda,2015,\N
236,Uganda,2016,\N
236,Uganda,2017,\N
236,Uganda,2018,\N
237,Ukraine,2000,\N
237,Ukraine,2001,\N
237,Ukraine,2002,\N
237,Ukraine,2003,\N
237,Ukraine,2004,\N
237,Ukraine,2005,\N
237,Ukraine,2006,\N
237,Ukraine,2007,\N
237,Ukraine,2008,\N
237,Ukraine,2009,\N
237,Ukraine,2010,\N
237,Ukraine,2011,47
237,Ukraine,2012,50.2
237,Ukraine,2013,\N
237,Ukraine,2014,\N
237,Ukraine,2015,\N
237,Ukraine,2016,36.6
237,Ukraine,2017,38.9
237,Ukraine,2018,\N
238,United Arab Emirates,2000,\N
238,United Arab Emirates,2001,\N
238,United Arab Emirates,2002,\N
238,United Arab Emirates,2003,\N
238,United Arab Emirates,2004,\N
238,United Arab Emirates,2005,\N
238,United Arab Emirates,2006,\N
238,United Arab Emirates,2007,\N
238,United Arab Emirates,2008,\N
238,United Arab Emirates,2009,\N
238,United Arab Emirates,2010,\N
238,United Arab Emirates,2011,\N
238,United Arab Emirates,2012,\N
238,United Arab Emirates,2013,\N
238,United Arab Emirates,2014,\N
238,United Arab Emirates,2015,\N
238,United Arab Emirates,2016,\N
238,United Arab Emirates,2017,\N
238,United Arab Emirates,2018,\N
239,United Kingdom,2000,56.3
239,United Kingdom,2001,56.44
239,United Kingdom,2002,56.58
239,United Kingdom,2003,56.72
239,United Kingdom,2004,56.86
239,United Kingdom,2005,57
239,United Kingdom,2006,57.54
239,United Kingdom,2007,58.08
239,United Kingdom,2008,58.620000000000005
239,United Kingdom,2009,59.160000000000004
239,United Kingdom,2010,59.7
239,United Kingdom,2011,58.6
239,United Kingdom,2012,58.5
239,United Kingdom,2013,58.5
239,United Kingdom,2014,57.5
239,United Kingdom,2015,57.6
239,United Kingdom,2016,57.8
239,United Kingdom,2017,57.9
239,United Kingdom,2018,58.2
240,United States,2000,61.6
240,United States,2001,60.980000000000004
240,United States,2002,60.36
240,United States,2003,59.74
240,United States,2004,59.12
240,United States,2005,58.5
240,United States,2006,58.16
240,United States,2007,57.82
240,United States,2008,57.48
240,United States,2009,57.14
240,United States,2010,56.8
240,United States,2011,56.8
240,United States,2012,56.7
240,United States,2013,56.3
240,United States,2014,56.4
240,United States,2015,56.9
240,United States,2016,56.8
240,United States,2017,57
240,United States,2018,56.5
242,Uruguay,2000,\N
242,Uruguay,2001,\N
242,Uruguay,2002,\N
242,Uruguay,2003,\N
242,Uruguay,2004,\N
242,Uruguay,2005,\N
242,Uruguay,2006,\N
242,Uruguay,2007,\N
242,Uruguay,2008,\N
242,Uruguay,2009,\N
242,Uruguay,2010,\N
242,Uruguay,2011,\N
242,Uruguay,2012,\N
242,Uruguay,2013,\N
242,Uruguay,2014,\N
242,Uruguay,2015,\N
242,Uruguay,2016,\N
242,Uruguay,2017,\N
242,Uruguay,2018,\N
243,Uzbekistan,2000,\N
243,Uzbekistan,2001,\N
243,Uzbekistan,2002,\N
243,Uzbekistan,2003,\N
243,Uzbekistan,2004,\N
243,Uzbekistan,2005,\N
243,Uzbekistan,2006,\N
243,Uzbekistan,2007,\N
243,Uzbekistan,2008,\N
243,Uzbekistan,2009,\N
243,Uzbekistan,2010,\N
243,Uzbekistan,2011,\N
243,Uzbekistan,2012,\N
243,Uzbekistan,2013,\N
243,Uzbekistan,2014,\N
243,Uzbekistan,2015,\N
243,Uzbekistan,2016,\N
243,Uzbekistan,2017,\N
243,Uzbekistan,2018,\N
244,Vanuatu,2000,\N
244,Vanuatu,2001,\N
244,Vanuatu,2002,\N
244,Vanuatu,2003,\N
244,Vanuatu,2004,\N
244,Vanuatu,2005,\N
244,Vanuatu,2006,\N
244,Vanuatu,2007,\N
244,Vanuatu,2008,\N
244,Vanuatu,2009,\N
244,Vanuatu,2010,\N
244,Vanuatu,2011,\N
244,Vanuatu,2012,\N
244,Vanuatu,2013,\N
244,Vanuatu,2014,\N
244,Vanuatu,2015,\N
244,Vanuatu,2016,\N
244,Vanuatu,2017,\N
244,Vanuatu,2018,\N
246,Venezuela,2000,\N
246,Venezuela,2001,\N
246,Venezuela,2002,\N
246,Venezuela,2003,\N
246,Venezuela,2004,\N
246,Venezuela,2005,\N
246,Venezuela,2006,\N
246,Venezuela,2007,\N
246,Venezuela,2008,\N
246,Venezuela,2009,\N
246,Venezuela,2010,29.6
246,Venezuela,2011,\N
246,Venezuela,2012,\N
246,Venezuela,2013,\N
246,Venezuela,2014,\N
246,Venezuela,2015,\N
246,Venezuela,2016,\N
246,Venezuela,2017,\N
246,Venezuela,2018,\N
247,Vietnam,2000,\N
247,Vietnam,2001,\N
247,Vietnam,2002,\N
247,Vietnam,2003,\N
247,Vietnam,2004,\N
247,Vietnam,2005,\N
247,Vietnam,2006,\N
247,Vietnam,2007,\N
247,Vietnam,2008,\N
247,Vietnam,2009,\N
247,Vietnam,2010,\N
247,Vietnam,2011,\N
247,Vietnam,2012,\N
247,Vietnam,2013,\N
247,Vietnam,2014,\N
247,Vietnam,2015,\N
247,Vietnam,2016,\N
247,Vietnam,2017,\N
247,Vietnam,2018,\N
251,Yemen,2000,\N
251,Yemen,2001,\N
251,Yemen,2002,\N
251,Yemen,2003,\N
251,Yemen,2004,\N
251,Yemen,2005,\N
251,Yemen,2006,\N
251,Yemen,2007,\N
251,Yemen,2008,\N
251,Yemen,2009,\N
251,Yemen,2010,\N
251,Yemen,2011,\N
251,Yemen,2012,\N
251,Yemen,2013,\N
251,Yemen,2014,\N
251,Yemen,2015,\N
251,Yemen,2016,\N
251,Yemen,2017,\N
251,Yemen,2018,\N
252,Zambia,2000,\N
252,Zambia,2001,\N
252,Zambia,2002,\N
252,Zambia,2003,\N
252,Zambia,2004,\N
252,Zambia,2005,\N
252,Zambia,2006,\N
252,Zambia,2007,\N
252,Zambia,2008,\N
252,Zambia,2009,\N
252,Zambia,2010,\N
252,Zambia,2011,\N
252,Zambia,2012,\N
252,Zambia,2013,\N
252,Zambia,2014,\N
252,Zambia,2015,\N
252,Zambia,2016,\N
252,Zambia,2017,\N
252,Zambia,2018,\N
253,Zimbabwe,2000,\N
253,Zimbabwe,2001,\N
253,Zimbabwe,2002,\N
253,Zimbabwe,2003,\N
253,Zimbabwe,2004,\N
253,Zimbabwe,2005,\N
253,Zimbabwe,2006,\N
253,Zimbabwe,2007,\N
253,Zimbabwe,2008,\N
253,Zimbabwe,2009,\N
253,Zimbabwe,2010,37.1
253,Zimbabwe,2011,37
253,Zimbabwe,2012,\N
253,Zimbabwe,2013,\N
253,Zimbabwe,2014,50
253,Zimbabwe,2015,\N
253,Zimbabwe,2016,\N
253,Zimbabwe,2017,\N
253,Zimbabwe,2018,\N
